customer_id,customer_name,joined_at,favorite_item,transaction_id,occurred_at,amount,gross_amount,refunded_amount,status,currency
17850,UCI Customer 17850,2010-12-01T08:26:00+00:00,IVORY EMBROIDERED QUILT,uci-17850-536365,2010-12-01T08:26:00+00:00,139.12,139.12,0,completed,GBP
17850,UCI Customer 17850,2010-12-01T08:26:00+00:00,IVORY EMBROIDERED QUILT,uci-17850-536366,2010-12-01T08:28:00+00:00,22.20,22.20,0,completed,GBP
17850,UCI Customer 17850,2010-12-01T08:26:00+00:00,IVORY EMBROIDERED QUILT,uci-17850-536372,2010-12-01T09:01:00+00:00,22.20,22.20,0,completed,GBP
17850,UCI Customer 17850,2010-12-01T08:26:00+00:00,IVORY EMBROIDERED QUILT,uci-17850-536373,2010-12-01T09:02:00+00:00,259.86,259.86,0,completed,GBP
17850,UCI Customer 17850,2010-12-01T08:26:00+00:00,IVORY EMBROIDERED QUILT,uci-17850-536375,2010-12-01T09:32:00+00:00,259.86,259.86,0,completed,GBP
17850,UCI Customer 17850,2010-12-01T08:26:00+00:00,IVORY EMBROIDERED QUILT,uci-17850-536377,2010-12-01T09:34:00+00:00,22.20,22.20,0,completed,GBP
17850,UCI Customer 17850,2010-12-01T08:26:00+00:00,IVORY EMBROIDERED QUILT,uci-17850-536396,2010-12-01T10:51:00+00:00,376.36,376.36,0,completed,GBP
17850,UCI Customer 17850,2010-12-01T08:26:00+00:00,IVORY EMBROIDERED QUILT,uci-17850-536399,2010-12-01T10:52:00+00:00,22.20,22.20,0,completed,GBP
17850,UCI Customer 17850,2010-12-01T08:26:00+00:00,IVORY EMBROIDERED QUILT,uci-17850-536406,2010-12-01T11:33:00+00:00,353.14,353.14,0,completed,GBP
17850,UCI Customer 17850,2010-12-01T08:26:00+00:00,IVORY EMBROIDERED QUILT,uci-17850-536407,2010-12-01T11:34:00+00:00,22.20,22.20,0,completed,GBP
17850,UCI Customer 17850,2010-12-01T08:26:00+00:00,IVORY EMBROIDERED QUILT,uci-17850-536600,2010-12-02T08:32:00+00:00,251.62,251.62,0,completed,GBP
17850,UCI Customer 17850,2010-12-01T08:26:00+00:00,IVORY EMBROIDERED QUILT,uci-17850-536601,2010-12-02T08:33:00+00:00,22.20,22.20,0,completed,GBP
17850,UCI Customer 17850,2010-12-01T08:26:00+00:00,IVORY EMBROIDERED QUILT,uci-17850-536602,2010-12-02T08:34:00+00:00,163.76,163.76,0,completed,GBP
17850,UCI Customer 17850,2010-12-01T08:26:00+00:00,IVORY EMBROIDERED QUILT,uci-17850-536603,2010-12-02T08:40:00+00:00,22.20,22.20,0,completed,GBP
17850,UCI Customer 17850,2010-12-01T08:26:00+00:00,IVORY EMBROIDERED QUILT,uci-17850-536609,2010-12-02T09:41:00+00:00,244.46,244.46,0,completed,GBP
17850,UCI Customer 17850,2010-12-01T08:26:00+00:00,IVORY EMBROIDERED QUILT,uci-17850-536610,2010-12-02T09:42:00+00:00,22.20,22.20,0,completed,GBP
17850,UCI Customer 17850,2010-12-01T08:26:00+00:00,IVORY EMBROIDERED QUILT,uci-17850-536612,2010-12-02T09:44:00+00:00,206.76,206.76,0,completed,GBP
17850,UCI Customer 17850,2010-12-01T08:26:00+00:00,IVORY EMBROIDERED QUILT,uci-17850-536614,2010-12-02T09:44:00+00:00,22.20,22.20,0,completed,GBP
17850,UCI Customer 17850,2010-12-01T08:26:00+00:00,IVORY EMBROIDERED QUILT,uci-17850-536628,2010-12-02T10:54:00+00:00,230.56,230.56,0,completed,GBP
17850,UCI Customer 17850,2010-12-01T08:26:00+00:00,IVORY EMBROIDERED QUILT,uci-17850-536629,2010-12-02T10:55:00+00:00,22.20,22.20,0,completed,GBP
17850,UCI Customer 17850,2010-12-01T08:26:00+00:00,IVORY EMBROIDERED QUILT,uci-17850-536630,2010-12-02T10:56:00+00:00,244.46,244.46,0,completed,GBP
17850,UCI Customer 17850,2010-12-01T08:26:00+00:00,IVORY EMBROIDERED QUILT,uci-17850-536631,2010-12-02T10:58:00+00:00,22.20,22.20,0,completed,GBP
17850,UCI Customer 17850,2010-12-01T08:26:00+00:00,IVORY EMBROIDERED QUILT,uci-17850-536685,2010-12-02T12:23:00+00:00,380.46,380.46,0,completed,GBP
17850,UCI Customer 17850,2010-12-01T08:26:00+00:00,IVORY EMBROIDERED QUILT,uci-17850-536688,2010-12-02T12:24:00+00:00,22.20,22.20,0,completed,GBP
17850,UCI Customer 17850,2010-12-01T08:26:00+00:00,IVORY EMBROIDERED QUILT,uci-17850-536690,2010-12-02T12:25:00+00:00,331.26,331.26,0,completed,GBP
17850,UCI Customer 17850,2010-12-01T08:26:00+00:00,IVORY EMBROIDERED QUILT,uci-17850-536693,2010-12-02T12:26:00+00:00,22.20,22.20,0,completed,GBP
17850,UCI Customer 17850,2010-12-01T08:26:00+00:00,IVORY EMBROIDERED QUILT,uci-17850-536750,2010-12-02T14:04:00+00:00,434.80,434.80,0,completed,GBP
17850,UCI Customer 17850,2010-12-01T08:26:00+00:00,IVORY EMBROIDERED QUILT,uci-17850-536751,2010-12-02T14:05:00+00:00,22.20,22.20,0,completed,GBP
17850,UCI Customer 17850,2010-12-01T08:26:00+00:00,IVORY EMBROIDERED QUILT,uci-17850-536752,2010-12-02T14:06:00+00:00,390.66,390.66,0,completed,GBP
17850,UCI Customer 17850,2010-12-01T08:26:00+00:00,IVORY EMBROIDERED QUILT,uci-17850-536753,2010-12-02T14:07:00+00:00,22.20,22.20,0,completed,GBP
17850,UCI Customer 17850,2010-12-01T08:26:00+00:00,IVORY EMBROIDERED QUILT,uci-17850-536787,2010-12-02T15:24:00+00:00,192.46,192.46,0,completed,GBP
17850,UCI Customer 17850,2010-12-01T08:26:00+00:00,IVORY EMBROIDERED QUILT,uci-17850-536789,2010-12-02T15:25:00+00:00,22.20,22.20,0,completed,GBP
17850,UCI Customer 17850,2010-12-01T08:26:00+00:00,IVORY EMBROIDERED QUILT,uci-17850-536790,2010-12-02T15:26:00+00:00,532.01,532.01,0,completed,GBP
17850,UCI Customer 17850,2010-12-01T08:26:00+00:00,IVORY EMBROIDERED QUILT,uci-17850-536791,2010-12-02T15:27:00+00:00,44.40,44.40,0,completed,GBP
17850,UCI Customer 17850,2010-12-01T08:26:00+00:00,IVORY EMBROIDERED QUILT,uci-17850-C543611,2011-02-10T14:38:00+00:00,0,102.58,102.58,refunded,GBP
16745,UCI Customer 16745,2011-02-01T11:31:00+00:00,SET OF 3 CAKE TINS PANTRY DESIGN,uci-16745-542836,2011-02-01T11:31:00+00:00,239.30,239.30,0,completed,GBP
16745,UCI Customer 16745,2011-02-01T11:31:00+00:00,SET OF 3 CAKE TINS PANTRY DESIGN,uci-16745-543278,2011-02-06T14:43:00+00:00,203.82,203.82,0,completed,GBP
16745,UCI Customer 16745,2011-02-01T11:31:00+00:00,SET OF 3 CAKE TINS PANTRY DESIGN,uci-16745-544292,2011-02-17T12:33:00+00:00,304.65,304.65,0,completed,GBP
16745,UCI Customer 16745,2011-02-01T11:31:00+00:00,SET OF 3 CAKE TINS PANTRY DESIGN,uci-16745-545056,2011-02-27T12:48:00+00:00,486.65,486.65,0,completed,GBP
16745,UCI Customer 16745,2011-02-01T11:31:00+00:00,SET OF 3 CAKE TINS PANTRY DESIGN,uci-16745-546220,2011-03-10T12:16:00+00:00,541.10,541.10,0,completed,GBP
16745,UCI Customer 16745,2011-02-01T11:31:00+00:00,SET OF 3 CAKE TINS PANTRY DESIGN,uci-16745-547653,2011-03-24T12:21:00+00:00,515.90,515.90,0,completed,GBP
16745,UCI Customer 16745,2011-02-01T11:31:00+00:00,SET OF 3 CAKE TINS PANTRY DESIGN,uci-16745-549276,2011-04-07T13:11:00+00:00,267.10,267.10,0,completed,GBP
16745,UCI Customer 16745,2011-02-01T11:31:00+00:00,SET OF 3 CAKE TINS PANTRY DESIGN,uci-16745-551603,2011-05-03T11:34:00+00:00,467.70,467.70,0,completed,GBP
16745,UCI Customer 16745,2011-02-01T11:31:00+00:00,SET OF 3 CAKE TINS PANTRY DESIGN,uci-16745-552953,2011-05-12T12:11:00+00:00,561.81,561.81,0,completed,GBP
16745,UCI Customer 16745,2011-02-01T11:31:00+00:00,SET OF 3 CAKE TINS PANTRY DESIGN,uci-16745-556195,2011-06-09T12:21:00+00:00,535.01,535.01,0,completed,GBP
16745,UCI Customer 16745,2011-02-01T11:31:00+00:00,SET OF 3 CAKE TINS PANTRY DESIGN,uci-16745-556724,2011-06-14T11:26:00+00:00,246.49,246.49,0,completed,GBP
16745,UCI Customer 16745,2011-02-01T11:31:00+00:00,SET OF 3 CAKE TINS PANTRY DESIGN,uci-16745-C556787,2011-06-14T13:26:00+00:00,0,23.60,23.60,refunded,GBP
16745,UCI Customer 16745,2011-02-01T11:31:00+00:00,SET OF 3 CAKE TINS PANTRY DESIGN,uci-16745-558633,2011-06-30T19:13:00+00:00,294.65,294.65,0,completed,GBP
16745,UCI Customer 16745,2011-02-01T11:31:00+00:00,SET OF 3 CAKE TINS PANTRY DESIGN,uci-16745-560539,2011-07-19T12:19:00+00:00,513.48,513.48,0,completed,GBP
16745,UCI Customer 16745,2011-02-01T11:31:00+00:00,SET OF 3 CAKE TINS PANTRY DESIGN,uci-16745-562011,2011-08-01T13:54:00+00:00,422.07,422.07,0,completed,GBP
16745,UCI Customer 16745,2011-02-01T11:31:00+00:00,SET OF 3 CAKE TINS PANTRY DESIGN,uci-16745-563192,2011-08-12T16:10:00+00:00,311.20,311.20,0,completed,GBP
16745,UCI Customer 16745,2011-02-01T11:31:00+00:00,SET OF 3 CAKE TINS PANTRY DESIGN,uci-16745-565320,2011-09-02T13:10:00+00:00,461.77,461.77,0,completed,GBP
16745,UCI Customer 16745,2011-02-01T11:31:00+00:00,SET OF 3 CAKE TINS PANTRY DESIGN,uci-16745-566709,2011-09-14T11:58:00+00:00,821.60,821.60,0,completed,GBP
16928,UCI Customer 16928,2010-12-01T15:21:00+00:00,PURPLE DRAWERKNOB ACRYLIC EDWARDIAN,uci-16928-536566,2010-12-01T15:21:00+00:00,116.25,116.25,0,completed,GBP
16928,UCI Customer 16928,2010-12-01T15:21:00+00:00,PURPLE DRAWERKNOB ACRYLIC EDWARDIAN,uci-16928-541791,2011-01-21T13:07:00+00:00,101.25,101.25,0,completed,GBP
16928,UCI Customer 16928,2010-12-01T15:21:00+00:00,PURPLE DRAWERKNOB ACRYLIC EDWARDIAN,uci-16928-543730,2011-02-11T11:57:00+00:00,112.50,112.50,0,completed,GBP
16928,UCI Customer 16928,2010-12-01T15:21:00+00:00,PURPLE DRAWERKNOB ACRYLIC EDWARDIAN,uci-16928-C543819,2011-02-13T16:04:00+00:00,0,64.85,64.85,refunded,GBP
16928,UCI Customer 16928,2010-12-01T15:21:00+00:00,PURPLE DRAWERKNOB ACRYLIC EDWARDIAN,uci-16928-548652,2011-04-01T13:34:00+00:00,135.00,135.00,0,completed,GBP
16928,UCI Customer 16928,2010-12-01T15:21:00+00:00,PURPLE DRAWERKNOB ACRYLIC EDWARDIAN,uci-16928-550513,2011-04-18T16:37:00+00:00,379.56,379.56,0,completed,GBP
16928,UCI Customer 16928,2010-12-01T15:21:00+00:00,PURPLE DRAWERKNOB ACRYLIC EDWARDIAN,uci-16928-552270,2011-05-08T11:56:00+00:00,105.55,105.55,0,completed,GBP
16928,UCI Customer 16928,2010-12-01T15:21:00+00:00,PURPLE DRAWERKNOB ACRYLIC EDWARDIAN,uci-16928-555353,2011-06-02T13:22:00+00:00,156.20,156.20,0,completed,GBP
16928,UCI Customer 16928,2010-12-01T15:21:00+00:00,PURPLE DRAWERKNOB ACRYLIC EDWARDIAN,uci-16928-556791,2011-06-14T13:51:00+00:00,176.60,176.60,0,completed,GBP
16928,UCI Customer 16928,2010-12-01T15:21:00+00:00,PURPLE DRAWERKNOB ACRYLIC EDWARDIAN,uci-16928-558339,2011-06-28T13:55:00+00:00,174.05,174.05,0,completed,GBP
16928,UCI Customer 16928,2010-12-01T15:21:00+00:00,PURPLE DRAWERKNOB ACRYLIC EDWARDIAN,uci-16928-560026,2011-07-14T13:11:00+00:00,119.05,119.05,0,completed,GBP
16928,UCI Customer 16928,2010-12-01T15:21:00+00:00,PURPLE DRAWERKNOB ACRYLIC EDWARDIAN,uci-16928-562468,2011-08-05T11:52:00+00:00,125.00,125.00,0,completed,GBP
16928,UCI Customer 16928,2010-12-01T15:21:00+00:00,PURPLE DRAWERKNOB ACRYLIC EDWARDIAN,uci-16928-563033,2011-08-11T14:48:00+00:00,140.84,140.84,0,completed,GBP
16928,UCI Customer 16928,2010-12-01T15:21:00+00:00,PURPLE DRAWERKNOB ACRYLIC EDWARDIAN,uci-16928-C563072,2011-08-11T15:45:00+00:00,0,1.25,1.25,refunded,GBP
16928,UCI Customer 16928,2010-12-01T15:21:00+00:00,PURPLE DRAWERKNOB ACRYLIC EDWARDIAN,uci-16928-563711,2011-08-18T15:41:00+00:00,109.90,109.90,0,completed,GBP
16928,UCI Customer 16928,2010-12-01T15:21:00+00:00,PURPLE DRAWERKNOB ACRYLIC EDWARDIAN,uci-16928-564848,2011-08-30T15:37:00+00:00,252.50,252.50,0,completed,GBP
16928,UCI Customer 16928,2010-12-01T15:21:00+00:00,PURPLE DRAWERKNOB ACRYLIC EDWARDIAN,uci-16928-565758,2011-09-06T13:29:00+00:00,199.30,199.30,0,completed,GBP
16928,UCI Customer 16928,2010-12-01T15:21:00+00:00,PURPLE DRAWERKNOB ACRYLIC EDWARDIAN,uci-16928-566747,2011-09-14T15:33:00+00:00,221.17,221.17,0,completed,GBP
16928,UCI Customer 16928,2010-12-01T15:21:00+00:00,PURPLE DRAWERKNOB ACRYLIC EDWARDIAN,uci-16928-567514,2011-09-20T15:10:00+00:00,222.88,222.88,0,completed,GBP
15939,UCI Customer 15939,2011-01-12T12:43:00+00:00,SET/6 PINK  BUTTERFLY T-LIGHTS,uci-15939-540947,2011-01-12T12:43:00+00:00,747.06,747.06,0,completed,GBP
15939,UCI Customer 15939,2011-01-12T12:43:00+00:00,SET/6 PINK  BUTTERFLY T-LIGHTS,uci-15939-541505,2011-01-18T15:58:00+00:00,15,15,0,completed,GBP
15939,UCI Customer 15939,2011-01-12T12:43:00+00:00,SET/6 PINK  BUTTERFLY T-LIGHTS,uci-15939-C541824,2011-01-21T16:58:00+00:00,0,12.75,12.75,refunded,GBP
15939,UCI Customer 15939,2011-01-12T12:43:00+00:00,SET/6 PINK  BUTTERFLY T-LIGHTS,uci-15939-542872,2011-02-01T12:42:00+00:00,354.24,354.24,0,completed,GBP
15939,UCI Customer 15939,2011-01-12T12:43:00+00:00,SET/6 PINK  BUTTERFLY T-LIGHTS,uci-15939-545026,2011-02-25T14:51:00+00:00,247.80,247.80,0,completed,GBP
15939,UCI Customer 15939,2011-01-12T12:43:00+00:00,SET/6 PINK  BUTTERFLY T-LIGHTS,uci-15939-546164,2011-03-10T10:04:00+00:00,547.35,547.35,0,completed,GBP
15939,UCI Customer 15939,2011-01-12T12:43:00+00:00,SET/6 PINK  BUTTERFLY T-LIGHTS,uci-15939-547878,2011-03-27T16:01:00+00:00,131.30,131.30,0,completed,GBP
15939,UCI Customer 15939,2011-01-12T12:43:00+00:00,SET/6 PINK  BUTTERFLY T-LIGHTS,uci-15939-549246,2011-04-07T12:02:00+00:00,1072.20,1072.20,0,completed,GBP
15939,UCI Customer 15939,2011-01-12T12:43:00+00:00,SET/6 PINK  BUTTERFLY T-LIGHTS,uci-15939-551148,2011-04-26T14:12:00+00:00,1265.40,1265.40,0,completed,GBP
15939,UCI Customer 15939,2011-01-12T12:43:00+00:00,SET/6 PINK  BUTTERFLY T-LIGHTS,uci-15939-554930,2011-05-27T13:17:00+00:00,252.00,252.00,0,completed,GBP
15939,UCI Customer 15939,2011-01-12T12:43:00+00:00,SET/6 PINK  BUTTERFLY T-LIGHTS,uci-15939-556492,2011-06-12T14:48:00+00:00,587.52,587.52,0,completed,GBP
15939,UCI Customer 15939,2011-01-12T12:43:00+00:00,SET/6 PINK  BUTTERFLY T-LIGHTS,uci-15939-561641,2011-07-28T15:03:00+00:00,212.18,212.18,0,completed,GBP
15939,UCI Customer 15939,2011-01-12T12:43:00+00:00,SET/6 PINK  BUTTERFLY T-LIGHTS,uci-15939-561643,2011-07-28T15:04:00+00:00,178.80,178.80,0,completed,GBP
15939,UCI Customer 15939,2011-01-12T12:43:00+00:00,SET/6 PINK  BUTTERFLY T-LIGHTS,uci-15939-563235,2011-08-15T09:18:00+00:00,47.40,47.40,0,completed,GBP
15939,UCI Customer 15939,2011-01-12T12:43:00+00:00,SET/6 PINK  BUTTERFLY T-LIGHTS,uci-15939-564339,2011-08-24T14:46:00+00:00,202.00,202.00,0,completed,GBP
15939,UCI Customer 15939,2011-01-12T12:43:00+00:00,SET/6 PINK  BUTTERFLY T-LIGHTS,uci-15939-566241,2011-09-11T11:30:00+00:00,254.76,254.76,0,completed,GBP
15827,UCI Customer 15827,2010-12-02T13:06:00+00:00,SET OF 3 CAKE TINS PANTRY DESIGN,uci-15827-536738,2010-12-02T13:06:00+00:00,98.18,98.18,0,completed,GBP
15827,UCI Customer 15827,2010-12-02T13:06:00+00:00,SET OF 3 CAKE TINS PANTRY DESIGN,uci-15827-536740,2010-12-02T13:08:00+00:00,92.75,92.75,0,completed,GBP
15827,UCI Customer 15827,2010-12-02T13:06:00+00:00,SET OF 3 CAKE TINS PANTRY DESIGN,uci-15827-542384,2011-01-27T14:31:00+00:00,177.35,177.35,0,completed,GBP
15827,UCI Customer 15827,2010-12-02T13:06:00+00:00,SET OF 3 CAKE TINS PANTRY DESIGN,uci-15827-C542642,2011-01-31T11:27:00+00:00,0,33.60,33.60,refunded,GBP
15827,UCI Customer 15827,2010-12-02T13:06:00+00:00,SET OF 3 CAKE TINS PANTRY DESIGN,uci-15827-543446,2011-02-08T12:01:00+00:00,146.20,146.20,0,completed,GBP
15827,UCI Customer 15827,2010-12-02T13:06:00+00:00,SET OF 3 CAKE TINS PANTRY DESIGN,uci-15827-543520,2011-02-09T11:43:00+00:00,29.70,29.70,0,completed,GBP
15827,UCI Customer 15827,2010-12-02T13:06:00+00:00,SET OF 3 CAKE TINS PANTRY DESIGN,uci-15827-C543838,2011-02-14T10:59:00+00:00,0,37.06,37.06,refunded,GBP
15827,UCI Customer 15827,2010-12-02T13:06:00+00:00,SET OF 3 CAKE TINS PANTRY DESIGN,uci-15827-545601,2011-03-04T11:49:00+00:00,152.00,152.00,0,completed,GBP
15827,UCI Customer 15827,2010-12-02T13:06:00+00:00,SET OF 3 CAKE TINS PANTRY DESIGN,uci-15827-545603,2011-03-04T11:49:00+00:00,38.10,38.10,0,completed,GBP
15827,UCI Customer 15827,2010-12-02T13:06:00+00:00,SET OF 3 CAKE TINS PANTRY DESIGN,uci-15827-C545885,2011-03-07T15:52:00+00:00,0,7.90,7.90,refunded,GBP
15827,UCI Customer 15827,2010-12-02T13:06:00+00:00,SET OF 3 CAKE TINS PANTRY DESIGN,uci-15827-550330,2011-04-17T13:27:00+00:00,63.36,63.36,0,completed,GBP
15827,UCI Customer 15827,2010-12-02T13:06:00+00:00,SET OF 3 CAKE TINS PANTRY DESIGN,uci-15827-552299,2011-05-08T14:44:00+00:00,114.05,114.05,0,completed,GBP
15827,UCI Customer 15827,2010-12-02T13:06:00+00:00,SET OF 3 CAKE TINS PANTRY DESIGN,uci-15827-C552841,2011-05-11T14:28:00+00:00,0,80.75,80.75,refunded,GBP
15827,UCI Customer 15827,2010-12-02T13:06:00+00:00,SET OF 3 CAKE TINS PANTRY DESIGN,uci-15827-556205,2011-06-09T13:37:00+00:00,203.98,203.98,0,completed,GBP
15827,UCI Customer 15827,2010-12-02T13:06:00+00:00,SET OF 3 CAKE TINS PANTRY DESIGN,uci-15827-C556668,2011-06-13T16:26:00+00:00,0,12.60,12.60,refunded,GBP
15827,UCI Customer 15827,2010-12-02T13:06:00+00:00,SET OF 3 CAKE TINS PANTRY DESIGN,uci-15827-560906,2011-07-21T17:55:00+00:00,173.80,173.80,0,completed,GBP
15827,UCI Customer 15827,2010-12-02T13:06:00+00:00,SET OF 3 CAKE TINS PANTRY DESIGN,uci-15827-560908,2011-07-21T17:56:00+00:00,86.24,86.24,0,completed,GBP
15827,UCI Customer 15827,2010-12-02T13:06:00+00:00,SET OF 3 CAKE TINS PANTRY DESIGN,uci-15827-C561608,2011-07-28T12:19:00+00:00,0,22.70,22.70,refunded,GBP
15827,UCI Customer 15827,2010-12-02T13:06:00+00:00,SET OF 3 CAKE TINS PANTRY DESIGN,uci-15827-563574,2011-08-17T15:05:00+00:00,222.45,222.45,0,completed,GBP
15827,UCI Customer 15827,2010-12-02T13:06:00+00:00,SET OF 3 CAKE TINS PANTRY DESIGN,uci-15827-568556,2011-09-27T15:35:00+00:00,237.93,237.93,0,completed,GBP
15581,UCI Customer 15581,2010-12-08T14:38:00+00:00,Manual,uci-15581-537826,2010-12-08T14:38:00+00:00,272.34,272.34,0,completed,GBP
15581,UCI Customer 15581,2010-12-08T14:38:00+00:00,Manual,uci-15581-539472,2010-12-19T14:23:00+00:00,31.62,31.62,0,completed,GBP
15581,UCI Customer 15581,2010-12-08T14:38:00+00:00,Manual,uci-15581-539474,2010-12-19T14:27:00+00:00,12.80,12.80,0,completed,GBP
15581,UCI Customer 15581,2010-12-08T14:38:00+00:00,Manual,uci-15581-539660,2010-12-21T09:48:00+00:00,9.20,9.20,0,completed,GBP
15581,UCI Customer 15581,2010-12-08T14:38:00+00:00,Manual,uci-15581-546122,2011-03-09T14:32:00+00:00,91.54,91.54,0,completed,GBP
15581,UCI Customer 15581,2010-12-08T14:38:00+00:00,Manual,uci-15581-550197,2011-04-15T10:14:00+00:00,39.60,39.60,0,completed,GBP
15581,UCI Customer 15581,2010-12-08T14:38:00+00:00,Manual,uci-15581-551137,2011-04-26T13:05:00+00:00,172.75,172.75,0,completed,GBP
15581,UCI Customer 15581,2010-12-08T14:38:00+00:00,Manual,uci-15581-551338,2011-04-27T17:03:00+00:00,5.11,5.11,0,completed,GBP
15581,UCI Customer 15581,2010-12-08T14:38:00+00:00,Manual,uci-15581-557488,2011-06-20T14:48:00+00:00,18.88,18.88,0,completed,GBP
15581,UCI Customer 15581,2010-12-08T14:38:00+00:00,Manual,uci-15581-559143,2011-07-06T14:04:00+00:00,67.79,67.79,0,completed,GBP
15581,UCI Customer 15581,2010-12-08T14:38:00+00:00,Manual,uci-15581-561916,2011-08-01T11:44:00+00:00,250,250,0,completed,GBP
15581,UCI Customer 15581,2010-12-08T14:38:00+00:00,Manual,uci-15581-C562786,2011-08-09T13:43:00+00:00,0,250,250,refunded,GBP
15581,UCI Customer 15581,2010-12-08T14:38:00+00:00,Manual,uci-15581-562787,2011-08-09T13:44:00+00:00,208.34,208.34,0,completed,GBP
15581,UCI Customer 15581,2010-12-08T14:38:00+00:00,Manual,uci-15581-562946,2011-08-11T09:38:00+00:00,2500,2500,0,completed,GBP
13552,UCI Customer 13552,2011-01-28T10:10:00+00:00,JUMBO BAG ALPHABET,uci-13552-542430,2011-01-28T10:10:00+00:00,313.70,313.70,0,completed,GBP
13552,UCI Customer 13552,2011-01-28T10:10:00+00:00,JUMBO BAG ALPHABET,uci-13552-547893,2011-03-28T10:25:00+00:00,191.25,191.25,0,completed,GBP
13552,UCI Customer 13552,2011-01-28T10:10:00+00:00,JUMBO BAG ALPHABET,uci-13552-547894,2011-03-28T10:26:00+00:00,277.80,277.80,0,completed,GBP
13552,UCI Customer 13552,2011-01-28T10:10:00+00:00,JUMBO BAG ALPHABET,uci-13552-C552012,2011-05-05T17:29:00+00:00,0,22.50,22.50,refunded,GBP
13552,UCI Customer 13552,2011-01-28T10:10:00+00:00,JUMBO BAG ALPHABET,uci-13552-553711,2011-05-18T15:39:00+00:00,538.18,538.18,0,completed,GBP
13552,UCI Customer 13552,2011-01-28T10:10:00+00:00,JUMBO BAG ALPHABET,uci-13552-553712,2011-05-18T15:41:00+00:00,540.36,540.36,0,completed,GBP
13552,UCI Customer 13552,2011-01-28T10:10:00+00:00,JUMBO BAG ALPHABET,uci-13552-C555729,2011-06-06T16:50:00+00:00,0,129.29,129.29,refunded,GBP
13552,UCI Customer 13552,2011-01-28T10:10:00+00:00,JUMBO BAG ALPHABET,uci-13552-556540,2011-06-13T12:51:00+00:00,146.20,146.20,0,completed,GBP
13552,UCI Customer 13552,2011-01-28T10:10:00+00:00,JUMBO BAG ALPHABET,uci-13552-556541,2011-06-13T12:52:00+00:00,271.60,271.60,0,completed,GBP
13552,UCI Customer 13552,2011-01-28T10:10:00+00:00,JUMBO BAG ALPHABET,uci-13552-C558256,2011-06-27T17:08:00+00:00,0,19.50,19.50,refunded,GBP
13552,UCI Customer 13552,2011-01-28T10:10:00+00:00,JUMBO BAG ALPHABET,uci-13552-562543,2011-08-05T15:45:00+00:00,463.90,463.90,0,completed,GBP
13552,UCI Customer 13552,2011-01-28T10:10:00+00:00,JUMBO BAG ALPHABET,uci-13552-562606,2011-08-08T11:28:00+00:00,19.92,19.92,0,completed,GBP
13552,UCI Customer 13552,2011-01-28T10:10:00+00:00,JUMBO BAG ALPHABET,uci-13552-566705,2011-09-14T11:53:00+00:00,471.84,471.84,0,completed,GBP
13552,UCI Customer 13552,2011-01-28T10:10:00+00:00,JUMBO BAG ALPHABET,uci-13552-566707,2011-09-14T11:54:00+00:00,79.80,79.80,0,completed,GBP
13552,UCI Customer 13552,2011-01-28T10:10:00+00:00,JUMBO BAG ALPHABET,uci-13552-C567330,2011-09-19T14:46:00+00:00,0,29.25,29.25,refunded,GBP
13552,UCI Customer 13552,2011-01-28T10:10:00+00:00,JUMBO BAG ALPHABET,uci-13552-569532,2011-10-04T15:19:00+00:00,425.52,425.52,0,completed,GBP
15235,UCI Customer 15235,2010-12-01T17:22:00+00:00,COFFEE MUG APPLES DESIGN,uci-15235-536594,2010-12-01T17:22:00+00:00,79.50,79.50,0,completed,GBP
15235,UCI Customer 15235,2010-12-01T17:22:00+00:00,COFFEE MUG APPLES DESIGN,uci-15235-537206,2010-12-05T15:02:00+00:00,85.55,85.55,0,completed,GBP
15235,UCI Customer 15235,2010-12-01T17:22:00+00:00,COFFEE MUG APPLES DESIGN,uci-15235-539933,2010-12-23T11:24:00+00:00,529.59,529.59,0,completed,GBP
15235,UCI Customer 15235,2010-12-01T17:22:00+00:00,COFFEE MUG APPLES DESIGN,uci-15235-540115,2011-01-05T09:51:00+00:00,112.65,112.65,0,completed,GBP
15235,UCI Customer 15235,2010-12-01T17:22:00+00:00,COFFEE MUG APPLES DESIGN,uci-15235-541800,2011-01-21T14:38:00+00:00,169.75,169.75,0,completed,GBP
15235,UCI Customer 15235,2010-12-01T17:22:00+00:00,COFFEE MUG APPLES DESIGN,uci-15235-541801,2011-01-21T14:39:00+00:00,91.80,91.80,0,completed,GBP
15235,UCI Customer 15235,2010-12-01T17:22:00+00:00,COFFEE MUG APPLES DESIGN,uci-15235-543132,2011-02-03T15:27:00+00:00,172.30,172.30,0,completed,GBP
15235,UCI Customer 15235,2010-12-01T17:22:00+00:00,COFFEE MUG APPLES DESIGN,uci-15235-543133,2011-02-03T15:27:00+00:00,71.90,71.90,0,completed,GBP
15235,UCI Customer 15235,2010-12-01T17:22:00+00:00,COFFEE MUG APPLES DESIGN,uci-15235-545076,2011-02-28T09:43:00+00:00,147.90,147.90,0,completed,GBP
15235,UCI Customer 15235,2010-12-01T17:22:00+00:00,COFFEE MUG APPLES DESIGN,uci-15235-549189,2011-04-07T10:11:00+00:00,229.30,229.30,0,completed,GBP
15235,UCI Customer 15235,2010-12-01T17:22:00+00:00,COFFEE MUG APPLES DESIGN,uci-15235-550173,2011-04-14T16:58:00+00:00,186.50,186.50,0,completed,GBP
15235,UCI Customer 15235,2010-12-01T17:22:00+00:00,COFFEE MUG APPLES DESIGN,uci-15235-552046,2011-05-06T09:44:00+00:00,370.77,370.77,0,completed,GBP
16553,UCI Customer 16553,2010-12-08T13:07:00+00:00,SET OF 3 CAKE TINS PANTRY DESIGN,uci-16553-C537798,2010-12-08T13:07:00+00:00,0,4.25,4.25,refunded,GBP
16553,UCI Customer 16553,2010-12-08T13:07:00+00:00,SET OF 3 CAKE TINS PANTRY DESIGN,uci-16553-538858,2010-12-14T13:58:00+00:00,951.24,951.24,0,completed,GBP
16553,UCI Customer 16553,2010-12-08T13:07:00+00:00,SET OF 3 CAKE TINS PANTRY DESIGN,uci-16553-538859,2010-12-14T13:59:00+00:00,658.20,658.20,0,completed,GBP
16553,UCI Customer 16553,2010-12-08T13:07:00+00:00,SET OF 3 CAKE TINS PANTRY DESIGN,uci-16553-543449,2011-02-08T12:12:00+00:00,336.00,336.00,0,completed,GBP
16553,UCI Customer 16553,2010-12-08T13:07:00+00:00,SET OF 3 CAKE TINS PANTRY DESIGN,uci-16553-546166,2011-03-10T10:10:00+00:00,270.40,270.40,0,completed,GBP
16553,UCI Customer 16553,2010-12-08T13:07:00+00:00,SET OF 3 CAKE TINS PANTRY DESIGN,uci-16553-546251,2011-03-10T14:37:00+00:00,576.10,576.10,0,completed,GBP
16553,UCI Customer 16553,2010-12-08T13:07:00+00:00,SET OF 3 CAKE TINS PANTRY DESIGN,uci-16553-C549895,2011-04-12T15:40:00+00:00,0,51.00,51.00,refunded,GBP
16553,UCI Customer 16553,2010-12-08T13:07:00+00:00,SET OF 3 CAKE TINS PANTRY DESIGN,uci-16553-550900,2011-04-21T12:11:00+00:00,682.38,682.38,0,completed,GBP
16553,UCI Customer 16553,2010-12-08T13:07:00+00:00,SET OF 3 CAKE TINS PANTRY DESIGN,uci-16553-550990,2011-04-21T18:31:00+00:00,447.60,447.60,0,completed,GBP
16553,UCI Customer 16553,2010-12-08T13:07:00+00:00,SET OF 3 CAKE TINS PANTRY DESIGN,uci-16553-553676,2011-05-18T12:57:00+00:00,647.26,647.26,0,completed,GBP
16553,UCI Customer 16553,2010-12-08T13:07:00+00:00,SET OF 3 CAKE TINS PANTRY DESIGN,uci-16553-553677,2011-05-18T12:58:00+00:00,162.00,162.00,0,completed,GBP
16553,UCI Customer 16553,2010-12-08T13:07:00+00:00,SET OF 3 CAKE TINS PANTRY DESIGN,uci-16553-558472,2011-06-29T15:40:00+00:00,547.44,547.44,0,completed,GBP
16553,UCI Customer 16553,2010-12-08T13:07:00+00:00,SET OF 3 CAKE TINS PANTRY DESIGN,uci-16553-558473,2011-06-29T15:41:00+00:00,237.20,237.20,0,completed,GBP
16553,UCI Customer 16553,2010-12-08T13:07:00+00:00,SET OF 3 CAKE TINS PANTRY DESIGN,uci-16553-558474,2011-06-29T15:42:00+00:00,204.00,204.00,0,completed,GBP
18073,UCI Customer 18073,2011-05-26T19:38:00+00:00,ANTIQUE SILVER T-LIGHT GLASS,uci-18073-554844,2011-05-26T19:38:00+00:00,63.00,63.00,0,completed,GBP
18073,UCI Customer 18073,2011-05-26T19:38:00+00:00,ANTIQUE SILVER T-LIGHT GLASS,uci-18073-554944,2011-05-27T14:12:00+00:00,178.08,178.08,0,completed,GBP
18073,UCI Customer 18073,2011-05-26T19:38:00+00:00,ANTIQUE SILVER T-LIGHT GLASS,uci-18073-555871,2011-06-07T15:04:00+00:00,263.16,263.16,0,completed,GBP
18073,UCI Customer 18073,2011-05-26T19:38:00+00:00,ANTIQUE SILVER T-LIGHT GLASS,uci-18073-556767,2011-06-14T12:17:00+00:00,454.68,454.68,0,completed,GBP
18073,UCI Customer 18073,2011-05-26T19:38:00+00:00,ANTIQUE SILVER T-LIGHT GLASS,uci-18073-C556880,2011-06-15T12:12:00+00:00,0,13.08,13.08,refunded,GBP
18073,UCI Customer 18073,2011-05-26T19:38:00+00:00,ANTIQUE SILVER T-LIGHT GLASS,uci-18073-556885,2011-06-15T12:32:00+00:00,17.70,17.70,0,completed,GBP
18073,UCI Customer 18073,2011-05-26T19:38:00+00:00,ANTIQUE SILVER T-LIGHT GLASS,uci-18073-558233,2011-06-27T14:36:00+00:00,339.26,339.26,0,completed,GBP
18073,UCI Customer 18073,2011-05-26T19:38:00+00:00,ANTIQUE SILVER T-LIGHT GLASS,uci-18073-558234,2011-06-27T14:37:00+00:00,65.40,65.40,0,completed,GBP
18073,UCI Customer 18073,2011-05-26T19:38:00+00:00,ANTIQUE SILVER T-LIGHT GLASS,uci-18073-559205,2011-07-07T11:10:00+00:00,246.36,246.36,0,completed,GBP
18073,UCI Customer 18073,2011-05-26T19:38:00+00:00,ANTIQUE SILVER T-LIGHT GLASS,uci-18073-559206,2011-07-07T11:12:00+00:00,128.16,128.16,0,completed,GBP
18073,UCI Customer 18073,2011-05-26T19:38:00+00:00,ANTIQUE SILVER T-LIGHT GLASS,uci-18073-560826,2011-07-21T11:30:00+00:00,512.94,512.94,0,completed,GBP
18073,UCI Customer 18073,2011-05-26T19:38:00+00:00,ANTIQUE SILVER T-LIGHT GLASS,uci-18073-562222,2011-08-03T14:33:00+00:00,832.50,832.50,0,completed,GBP
18073,UCI Customer 18073,2011-05-26T19:38:00+00:00,ANTIQUE SILVER T-LIGHT GLASS,uci-18073-563561,2011-08-17T14:02:00+00:00,776.28,776.28,0,completed,GBP
13631,UCI Customer 13631,2011-03-17T17:13:00+00:00,ROSE COTTAGE KEEPSAKE BOX,uci-13631-546878,2011-03-17T17:13:00+00:00,80,80,0,completed,GBP
13631,UCI Customer 13631,2011-03-17T17:13:00+00:00,ROSE COTTAGE KEEPSAKE BOX,uci-13631-553550,2011-05-17T16:21:00+00:00,850.0,850.0,0,completed,GBP
13631,UCI Customer 13631,2011-03-17T17:13:00+00:00,ROSE COTTAGE KEEPSAKE BOX,uci-13631-553551,2011-05-17T16:23:00+00:00,100,100,0,completed,GBP
13631,UCI Customer 13631,2011-03-17T17:13:00+00:00,ROSE COTTAGE KEEPSAKE BOX,uci-13631-554063,2011-05-22T10:27:00+00:00,300.00,300.00,0,completed,GBP
13631,UCI Customer 13631,2011-03-17T17:13:00+00:00,ROSE COTTAGE KEEPSAKE BOX,uci-13631-556831,2011-06-15T11:27:00+00:00,160,160,0,completed,GBP
13631,UCI Customer 13631,2011-03-17T17:13:00+00:00,ROSE COTTAGE KEEPSAKE BOX,uci-13631-556842,2011-06-15T11:29:00+00:00,40,40,0,completed,GBP
13631,UCI Customer 13631,2011-03-17T17:13:00+00:00,ROSE COTTAGE KEEPSAKE BOX,uci-13631-558365,2011-06-28T15:28:00+00:00,250.00,250.00,0,completed,GBP
13631,UCI Customer 13631,2011-03-17T17:13:00+00:00,ROSE COTTAGE KEEPSAKE BOX,uci-13631-558366,2011-06-28T15:30:00+00:00,510.72,510.72,0,completed,GBP
13631,UCI Customer 13631,2011-03-17T17:13:00+00:00,ROSE COTTAGE KEEPSAKE BOX,uci-13631-560586,2011-07-19T15:48:00+00:00,667.20,667.20,0,completed,GBP
13631,UCI Customer 13631,2011-03-17T17:13:00+00:00,ROSE COTTAGE KEEPSAKE BOX,uci-13631-560587,2011-07-19T15:49:00+00:00,60,60,0,completed,GBP
13631,UCI Customer 13631,2011-03-17T17:13:00+00:00,ROSE COTTAGE KEEPSAKE BOX,uci-13631-C561682,2011-07-28T19:27:00+00:00,0,48.65,48.65,refunded,GBP
13631,UCI Customer 13631,2011-03-17T17:13:00+00:00,ROSE COTTAGE KEEPSAKE BOX,uci-13631-565086,2011-09-01T09:57:00+00:00,52.5,52.5,0,completed,GBP
14462,UCI Customer 14462,2011-01-04T12:45:00+00:00,PICTURE FRAME WOOD TRIPLE PORTRAIT,uci-14462-540020,2011-01-04T12:45:00+00:00,109.30,109.30,0,completed,GBP
14462,UCI Customer 14462,2011-01-04T12:45:00+00:00,PICTURE FRAME WOOD TRIPLE PORTRAIT,uci-14462-543235,2011-02-04T13:30:00+00:00,331.42,331.42,0,completed,GBP
14462,UCI Customer 14462,2011-01-04T12:45:00+00:00,PICTURE FRAME WOOD TRIPLE PORTRAIT,uci-14462-543240,2011-02-04T13:47:00+00:00,15.80,15.80,0,completed,GBP
14462,UCI Customer 14462,2011-01-04T12:45:00+00:00,PICTURE FRAME WOOD TRIPLE PORTRAIT,uci-14462-C543239,2011-02-04T13:47:00+00:00,0,22.57,22.57,refunded,GBP
14462,UCI Customer 14462,2011-01-04T12:45:00+00:00,PICTURE FRAME WOOD TRIPLE PORTRAIT,uci-14462-546866,2011-03-17T15:47:00+00:00,232.39,232.39,0,completed,GBP
14462,UCI Customer 14462,2011-01-04T12:45:00+00:00,PICTURE FRAME WOOD TRIPLE PORTRAIT,uci-14462-C546870,2011-03-17T16:07:00+00:00,0,5.0,5.0,refunded,GBP
14462,UCI Customer 14462,2011-01-04T12:45:00+00:00,PICTURE FRAME WOOD TRIPLE PORTRAIT,uci-14462-546872,2011-03-17T16:11:00+00:00,16.00,16.00,0,completed,GBP
14462,UCI Customer 14462,2011-01-04T12:45:00+00:00,PICTURE FRAME WOOD TRIPLE PORTRAIT,uci-14462-552703,2011-05-10T16:00:00+00:00,251.29,251.29,0,completed,GBP
14462,UCI Customer 14462,2011-01-04T12:45:00+00:00,PICTURE FRAME WOOD TRIPLE PORTRAIT,uci-14462-C552718,2011-05-11T09:43:00+00:00,0,6.60,6.60,refunded,GBP
14462,UCI Customer 14462,2011-01-04T12:45:00+00:00,PICTURE FRAME WOOD TRIPLE PORTRAIT,uci-14462-555745,2011-06-07T10:46:00+00:00,184.52,184.52,0,completed,GBP
14462,UCI Customer 14462,2011-01-04T12:45:00+00:00,PICTURE FRAME WOOD TRIPLE PORTRAIT,uci-14462-560256,2011-07-17T13:24:00+00:00,140.76,140.76,0,completed,GBP
14462,UCI Customer 14462,2011-01-04T12:45:00+00:00,PICTURE FRAME WOOD TRIPLE PORTRAIT,uci-14462-562951,2011-08-11T09:57:00+00:00,252.62,252.62,0,completed,GBP
14462,UCI Customer 14462,2011-01-04T12:45:00+00:00,PICTURE FRAME WOOD TRIPLE PORTRAIT,uci-14462-567156,2011-09-16T17:05:00+00:00,168.05,168.05,0,completed,GBP
14462,UCI Customer 14462,2011-01-04T12:45:00+00:00,PICTURE FRAME WOOD TRIPLE PORTRAIT,uci-14462-569538,2011-10-04T15:55:00+00:00,301.87,301.87,0,completed,GBP
14462,UCI Customer 14462,2011-01-04T12:45:00+00:00,PICTURE FRAME WOOD TRIPLE PORTRAIT,uci-14462-C570005,2011-10-07T09:22:00+00:00,0,3.95,3.95,refunded,GBP
16919,UCI Customer 16919,2010-12-06T12:52:00+00:00,DOORMAT KEEP CALM AND COME IN,uci-16919-537372,2010-12-06T12:52:00+00:00,198.35,198.35,0,completed,GBP
16919,UCI Customer 16919,2010-12-06T12:52:00+00:00,DOORMAT KEEP CALM AND COME IN,uci-16919-538863,2010-12-14T14:15:00+00:00,341.66,341.66,0,completed,GBP
16919,UCI Customer 16919,2010-12-06T12:52:00+00:00,DOORMAT KEEP CALM AND COME IN,uci-16919-548971,2011-04-05T11:29:00+00:00,184.84,184.84,0,completed,GBP
16919,UCI Customer 16919,2010-12-06T12:52:00+00:00,DOORMAT KEEP CALM AND COME IN,uci-16919-549874,2011-04-12T15:23:00+00:00,294.66,294.66,0,completed,GBP
16919,UCI Customer 16919,2010-12-06T12:52:00+00:00,DOORMAT KEEP CALM AND COME IN,uci-16919-550607,2011-04-19T12:17:00+00:00,232.22,232.22,0,completed,GBP
16919,UCI Customer 16919,2010-12-06T12:52:00+00:00,DOORMAT KEEP CALM AND COME IN,uci-16919-551282,2011-04-27T13:44:00+00:00,223.33,223.33,0,completed,GBP
16919,UCI Customer 16919,2010-12-06T12:52:00+00:00,DOORMAT KEEP CALM AND COME IN,uci-16919-552179,2011-05-06T13:31:00+00:00,116.49,116.49,0,completed,GBP
16919,UCI Customer 16919,2010-12-06T12:52:00+00:00,DOORMAT KEEP CALM AND COME IN,uci-16919-554487,2011-05-24T13:27:00+00:00,146.50,146.50,0,completed,GBP
16919,UCI Customer 16919,2010-12-06T12:52:00+00:00,DOORMAT KEEP CALM AND COME IN,uci-16919-555116,2011-05-31T15:16:00+00:00,317.30,317.30,0,completed,GBP
16919,UCI Customer 16919,2010-12-06T12:52:00+00:00,DOORMAT KEEP CALM AND COME IN,uci-16919-556733,2011-06-14T11:53:00+00:00,325.36,325.36,0,completed,GBP
16919,UCI Customer 16919,2010-12-06T12:52:00+00:00,DOORMAT KEEP CALM AND COME IN,uci-16919-559138,2011-07-06T13:35:00+00:00,215.74,215.74,0,completed,GBP
17061,UCI Customer 17061,2011-04-21T13:29:00+00:00,PARTY BUNTING,uci-17061-550914,2011-04-21T13:29:00+00:00,1701.50,1701.50,0,completed,GBP
17061,UCI Customer 17061,2011-04-21T13:29:00+00:00,PARTY BUNTING,uci-17061-550925,2011-04-21T14:37:00+00:00,237.25,237.25,0,completed,GBP
17061,UCI Customer 17061,2011-04-21T13:29:00+00:00,PARTY BUNTING,uci-17061-551138,2011-04-26T13:06:00+00:00,38.16,38.16,0,completed,GBP
17061,UCI Customer 17061,2011-04-21T13:29:00+00:00,PARTY BUNTING,uci-17061-C551139,2011-04-26T13:10:00+00:00,0,116.10,116.10,refunded,GBP
17061,UCI Customer 17061,2011-04-21T13:29:00+00:00,PARTY BUNTING,uci-17061-551141,2011-04-26T13:12:00+00:00,22.50,22.50,0,completed,GBP
17061,UCI Customer 17061,2011-04-21T13:29:00+00:00,PARTY BUNTING,uci-17061-551875,2011-05-05T08:16:00+00:00,484.12,484.12,0,completed,GBP
17061,UCI Customer 17061,2011-04-21T13:29:00+00:00,PARTY BUNTING,uci-17061-553154,2011-05-13T14:57:00+00:00,384.00,384.00,0,completed,GBP
17061,UCI Customer 17061,2011-04-21T13:29:00+00:00,PARTY BUNTING,uci-17061-555008,2011-05-31T10:24:00+00:00,382.70,382.70,0,completed,GBP
17061,UCI Customer 17061,2011-04-21T13:29:00+00:00,PARTY BUNTING,uci-17061-557968,2011-06-24T09:43:00+00:00,671.90,671.90,0,completed,GBP
17061,UCI Customer 17061,2011-04-21T13:29:00+00:00,PARTY BUNTING,uci-17061-560201,2011-07-15T13:09:00+00:00,329.30,329.30,0,completed,GBP
17061,UCI Customer 17061,2011-04-21T13:29:00+00:00,PARTY BUNTING,uci-17061-563896,2011-08-21T10:44:00+00:00,407.40,407.40,0,completed,GBP
17061,UCI Customer 17061,2011-04-21T13:29:00+00:00,PARTY BUNTING,uci-17061-568423,2011-09-27T11:24:00+00:00,573.40,573.40,0,completed,GBP
12980,UCI Customer 12980,2010-12-16T11:36:00+00:00,SET/4 WHITE RETRO STORAGE CUBES,uci-12980-539144,2010-12-16T11:36:00+00:00,889.32,889.32,0,completed,GBP
12980,UCI Customer 12980,2010-12-16T11:36:00+00:00,SET/4 WHITE RETRO STORAGE CUBES,uci-12980-C539956,2010-12-23T12:55:00+00:00,0,69.75,69.75,refunded,GBP
12980,UCI Customer 12980,2010-12-16T11:36:00+00:00,SET/4 WHITE RETRO STORAGE CUBES,uci-12980-540908,2011-01-12T11:53:00+00:00,721.92,721.92,0,completed,GBP
12980,UCI Customer 12980,2010-12-16T11:36:00+00:00,SET/4 WHITE RETRO STORAGE CUBES,uci-12980-543650,2011-02-11T09:17:00+00:00,790.80,790.80,0,completed,GBP
12980,UCI Customer 12980,2010-12-16T11:36:00+00:00,SET/4 WHITE RETRO STORAGE CUBES,uci-12980-544689,2011-02-23T08:46:00+00:00,432.90,432.90,0,completed,GBP
12980,UCI Customer 12980,2010-12-16T11:36:00+00:00,SET/4 WHITE RETRO STORAGE CUBES,uci-12980-545414,2011-03-02T12:43:00+00:00,838.80,838.80,0,completed,GBP
12980,UCI Customer 12980,2010-12-16T11:36:00+00:00,SET/4 WHITE RETRO STORAGE CUBES,uci-12980-553102,2011-05-13T11:58:00+00:00,892.62,892.62,0,completed,GBP
12980,UCI Customer 12980,2010-12-16T11:36:00+00:00,SET/4 WHITE RETRO STORAGE CUBES,uci-12980-555513,2011-06-05T10:38:00+00:00,892.62,892.62,0,completed,GBP
12980,UCI Customer 12980,2010-12-16T11:36:00+00:00,SET/4 WHITE RETRO STORAGE CUBES,uci-12980-C556277,2011-06-09T19:52:00+00:00,0,73.29,73.29,refunded,GBP
12980,UCI Customer 12980,2010-12-16T11:36:00+00:00,SET/4 WHITE RETRO STORAGE CUBES,uci-12980-556968,2011-06-16T10:09:00+00:00,1077.12,1077.12,0,completed,GBP
12980,UCI Customer 12980,2010-12-16T11:36:00+00:00,SET/4 WHITE RETRO STORAGE CUBES,uci-12980-558917,2011-07-05T09:34:00+00:00,838.80,838.80,0,completed,GBP
12980,UCI Customer 12980,2010-12-16T11:36:00+00:00,SET/4 WHITE RETRO STORAGE CUBES,uci-12980-C559252,2011-07-07T11:42:00+00:00,0,139.80,139.80,refunded,GBP
13082,UCI Customer 13082,2011-01-05T15:42:00+00:00,ASSORTED COLOURS SILK FAN,uci-13082-540245,2011-01-05T15:42:00+00:00,379.44,379.44,0,completed,GBP
13082,UCI Customer 13082,2011-01-05T15:42:00+00:00,ASSORTED COLOURS SILK FAN,uci-13082-546552,2011-03-15T08:18:00+00:00,271.50,271.50,0,completed,GBP
13082,UCI Customer 13082,2011-01-05T15:42:00+00:00,ASSORTED COLOURS SILK FAN,uci-13082-548336,2011-03-30T14:06:00+00:00,435.00,435.00,0,completed,GBP
13082,UCI Customer 13082,2011-01-05T15:42:00+00:00,ASSORTED COLOURS SILK FAN,uci-13082-550361,2011-04-18T11:10:00+00:00,840.24,840.24,0,completed,GBP
13082,UCI Customer 13082,2011-01-05T15:42:00+00:00,ASSORTED COLOURS SILK FAN,uci-13082-550377,2011-04-18T11:45:00+00:00,34.0,34.0,0,completed,GBP
13082,UCI Customer 13082,2011-01-05T15:42:00+00:00,ASSORTED COLOURS SILK FAN,uci-13082-C550530,2011-04-19T10:52:00+00:00,0,18.15,18.15,refunded,GBP
13082,UCI Customer 13082,2011-01-05T15:42:00+00:00,ASSORTED COLOURS SILK FAN,uci-13082-556970,2011-06-16T10:18:00+00:00,245.75,245.75,0,completed,GBP
13082,UCI Customer 13082,2011-01-05T15:42:00+00:00,ASSORTED COLOURS SILK FAN,uci-13082-556971,2011-06-16T10:19:00+00:00,39.60,39.60,0,completed,GBP
13082,UCI Customer 13082,2011-01-05T15:42:00+00:00,ASSORTED COLOURS SILK FAN,uci-13082-559047,2011-07-05T15:44:00+00:00,1278.10,1278.10,0,completed,GBP
13082,UCI Customer 13082,2011-01-05T15:42:00+00:00,ASSORTED COLOURS SILK FAN,uci-13082-562550,2011-08-05T16:16:00+00:00,90.00,90.00,0,completed,GBP
13842,UCI Customer 13842,2010-12-08T10:39:00+00:00,HEART OF WICKER SMALL,uci-13842-537691,2010-12-08T10:39:00+00:00,310.57,310.57,0,completed,GBP
13842,UCI Customer 13842,2010-12-08T10:39:00+00:00,HEART OF WICKER SMALL,uci-13842-540412,2011-01-07T10:27:00+00:00,303.00,303.00,0,completed,GBP
13842,UCI Customer 13842,2010-12-08T10:39:00+00:00,HEART OF WICKER SMALL,uci-13842-543118,2011-02-03T13:31:00+00:00,293.96,293.96,0,completed,GBP
13842,UCI Customer 13842,2010-12-08T10:39:00+00:00,HEART OF WICKER SMALL,uci-13842-546376,2011-03-11T12:11:00+00:00,311.07,311.07,0,completed,GBP
13842,UCI Customer 13842,2010-12-08T10:39:00+00:00,HEART OF WICKER SMALL,uci-13842-551028,2011-04-26T11:30:00+00:00,308.73,308.73,0,completed,GBP
13842,UCI Customer 13842,2010-12-08T10:39:00+00:00,HEART OF WICKER SMALL,uci-13842-554372,2011-05-24T10:50:00+00:00,301.14,301.14,0,completed,GBP
13842,UCI Customer 13842,2010-12-08T10:39:00+00:00,HEART OF WICKER SMALL,uci-13842-559301,2011-07-07T12:41:00+00:00,336.80,336.80,0,completed,GBP
13842,UCI Customer 13842,2010-12-08T10:39:00+00:00,HEART OF WICKER SMALL,uci-13842-568696,2011-09-28T14:56:00+00:00,638.66,638.66,0,completed,GBP
13842,UCI Customer 13842,2010-12-08T10:39:00+00:00,HEART OF WICKER SMALL,uci-13842-570721,2011-10-12T10:51:00+00:00,581.69,581.69,0,completed,GBP
13911,UCI Customer 13911,2011-02-04T14:46:00+00:00,ASSORTED COLOURS SILK FAN,uci-13911-543250,2011-02-04T14:46:00+00:00,335.53,335.53,0,completed,GBP
13911,UCI Customer 13911,2011-02-04T14:46:00+00:00,ASSORTED COLOURS SILK FAN,uci-13911-543921,2011-02-14T14:13:00+00:00,223.74,223.74,0,completed,GBP
13911,UCI Customer 13911,2011-02-04T14:46:00+00:00,ASSORTED COLOURS SILK FAN,uci-13911-547035,2011-03-20T10:33:00+00:00,282.28,282.28,0,completed,GBP
13911,UCI Customer 13911,2011-02-04T14:46:00+00:00,ASSORTED COLOURS SILK FAN,uci-13911-549318,2011-04-08T10:01:00+00:00,247.95,247.95,0,completed,GBP
13911,UCI Customer 13911,2011-02-04T14:46:00+00:00,ASSORTED COLOURS SILK FAN,uci-13911-552306,2011-05-08T15:20:00+00:00,283.99,283.99,0,completed,GBP
13911,UCI Customer 13911,2011-02-04T14:46:00+00:00,ASSORTED COLOURS SILK FAN,uci-13911-554843,2011-05-26T19:13:00+00:00,330.42,330.42,0,completed,GBP
13911,UCI Customer 13911,2011-02-04T14:46:00+00:00,ASSORTED COLOURS SILK FAN,uci-13911-559836,2011-07-13T10:09:00+00:00,516.12,516.12,0,completed,GBP
13911,UCI Customer 13911,2011-02-04T14:46:00+00:00,ASSORTED COLOURS SILK FAN,uci-13911-560392,2011-07-18T13:30:00+00:00,217.60,217.60,0,completed,GBP
13911,UCI Customer 13911,2011-02-04T14:46:00+00:00,ASSORTED COLOURS SILK FAN,uci-13911-571099,2011-10-13T15:43:00+00:00,143.28,143.28,0,completed,GBP
14573,UCI Customer 14573,2010-12-02T19:59:00+00:00,ENAMEL BREAD BIN CREAM,uci-14573-536846,2010-12-02T19:59:00+00:00,413.10,413.10,0,completed,GBP
14573,UCI Customer 14573,2010-12-02T19:59:00+00:00,ENAMEL BREAD BIN CREAM,uci-14573-545036,2011-02-25T17:25:00+00:00,169.15,169.15,0,completed,GBP
14573,UCI Customer 14573,2010-12-02T19:59:00+00:00,ENAMEL BREAD BIN CREAM,uci-14573-545477,2011-03-03T11:07:00+00:00,134.50,134.50,0,completed,GBP
14573,UCI Customer 14573,2010-12-02T19:59:00+00:00,ENAMEL BREAD BIN CREAM,uci-14573-547877,2011-03-27T15:46:00+00:00,165.83,165.83,0,completed,GBP
14573,UCI Customer 14573,2010-12-02T19:59:00+00:00,ENAMEL BREAD BIN CREAM,uci-14573-552803,2011-05-11T12:32:00+00:00,311.11,311.11,0,completed,GBP
14573,UCI Customer 14573,2010-12-02T19:59:00+00:00,ENAMEL BREAD BIN CREAM,uci-14573-C554150,2011-05-23T11:07:00+00:00,0,30.85,30.85,refunded,GBP
14573,UCI Customer 14573,2010-12-02T19:59:00+00:00,ENAMEL BREAD BIN CREAM,uci-14573-554163,2011-05-23T11:52:00+00:00,183.26,183.26,0,completed,GBP
14573,UCI Customer 14573,2010-12-02T19:59:00+00:00,ENAMEL BREAD BIN CREAM,uci-14573-C554197,2011-05-23T12:14:00+00:00,0,14.95,14.95,refunded,GBP
14573,UCI Customer 14573,2010-12-02T19:59:00+00:00,ENAMEL BREAD BIN CREAM,uci-14573-C554203,2011-05-23T12:14:00+00:00,0,1.95,1.95,refunded,GBP
14573,UCI Customer 14573,2010-12-02T19:59:00+00:00,ENAMEL BREAD BIN CREAM,uci-14573-554207,2011-05-23T12:15:00+00:00,1.95,1.95,0,completed,GBP
14573,UCI Customer 14573,2010-12-02T19:59:00+00:00,ENAMEL BREAD BIN CREAM,uci-14573-C554210,2011-05-23T12:16:00+00:00,0,1.95,1.95,refunded,GBP
14573,UCI Customer 14573,2010-12-02T19:59:00+00:00,ENAMEL BREAD BIN CREAM,uci-14573-556329,2011-06-10T11:28:00+00:00,157.76,157.76,0,completed,GBP
14573,UCI Customer 14573,2010-12-02T19:59:00+00:00,ENAMEL BREAD BIN CREAM,uci-14573-556521,2011-06-13T11:15:00+00:00,116.76,116.76,0,completed,GBP
15281,UCI Customer 15281,2011-01-10T15:51:00+00:00,PARTY BUNTING,uci-15281-540672,2011-01-10T15:51:00+00:00,780.42,780.42,0,completed,GBP
15281,UCI Customer 15281,2011-01-10T15:51:00+00:00,PARTY BUNTING,uci-15281-C541821,2011-01-21T16:41:00+00:00,0,38.50,38.50,refunded,GBP
15281,UCI Customer 15281,2011-01-10T15:51:00+00:00,PARTY BUNTING,uci-15281-545000,2011-02-25T12:37:00+00:00,234.15,234.15,0,completed,GBP
15281,UCI Customer 15281,2011-01-10T15:51:00+00:00,PARTY BUNTING,uci-15281-C545510,2011-03-03T11:56:00+00:00,0,25.80,25.80,refunded,GBP
15281,UCI Customer 15281,2011-01-10T15:51:00+00:00,PARTY BUNTING,uci-15281-549206,2011-04-07T10:38:00+00:00,104.40,104.40,0,completed,GBP
15281,UCI Customer 15281,2011-01-10T15:51:00+00:00,PARTY BUNTING,uci-15281-550958,2011-04-21T16:37:00+00:00,252.23,252.23,0,completed,GBP
15281,UCI Customer 15281,2011-01-10T15:51:00+00:00,PARTY BUNTING,uci-15281-554069,2011-05-22T10:57:00+00:00,508.11,508.11,0,completed,GBP
15281,UCI Customer 15281,2011-01-10T15:51:00+00:00,PARTY BUNTING,uci-15281-554703,2011-05-26T10:03:00+00:00,48.10,48.10,0,completed,GBP
15281,UCI Customer 15281,2011-01-10T15:51:00+00:00,PARTY BUNTING,uci-15281-C555605,2011-06-06T11:38:00+00:00,0,27.90,27.90,refunded,GBP
15281,UCI Customer 15281,2011-01-10T15:51:00+00:00,PARTY BUNTING,uci-15281-560237,2011-07-17T11:27:00+00:00,49.55,49.55,0,completed,GBP
15281,UCI Customer 15281,2011-01-10T15:51:00+00:00,PARTY BUNTING,uci-15281-561221,2011-07-26T09:23:00+00:00,214.82,214.82,0,completed,GBP
15281,UCI Customer 15281,2011-01-10T15:51:00+00:00,PARTY BUNTING,uci-15281-570697,2011-10-12T09:10:00+00:00,140.37,140.37,0,completed,GBP
16029,UCI Customer 16029,2010-12-01T09:57:00+00:00,POSTAGE,uci-16029-558363,2011-06-28T15:15:00+00:00,530.40,530.40,0,completed,GBP
16029,UCI Customer 16029,2010-12-01T09:57:00+00:00,POSTAGE,uci-16029-559098,2011-07-06T11:02:00+00:00,605.76,605.76,0,completed,GBP
16029,UCI Customer 16029,2010-12-01T09:57:00+00:00,POSTAGE,uci-16029-559419,2011-07-08T11:41:00+00:00,438.00,438.00,0,completed,GBP
16029,UCI Customer 16029,2010-12-01T09:57:00+00:00,POSTAGE,uci-16029-C561225,2011-07-26T10:06:00+00:00,0,45.6,45.6,refunded,GBP
16029,UCI Customer 16029,2010-12-01T09:57:00+00:00,POSTAGE,uci-16029-561644,2011-07-28T15:15:00+00:00,648.72,648.72,0,completed,GBP
16029,UCI Customer 16029,2010-12-01T09:57:00+00:00,POSTAGE,uci-16029-561646,2011-07-28T15:19:00+00:00,477.60,477.60,0,completed,GBP
16029,UCI Customer 16029,2010-12-01T09:57:00+00:00,POSTAGE,uci-16029-562458,2011-08-05T11:16:00+00:00,480.00,480.00,0,completed,GBP
16029,UCI Customer 16029,2010-12-01T09:57:00+00:00,POSTAGE,uci-16029-562459,2011-08-05T11:17:00+00:00,757.20,757.20,0,completed,GBP
16029,UCI Customer 16029,2010-12-01T09:57:00+00:00,POSTAGE,uci-16029-562461,2011-08-05T11:19:00+00:00,260.62,260.62,0,completed,GBP
16029,UCI Customer 16029,2010-12-01T09:57:00+00:00,POSTAGE,uci-16029-562462,2011-08-05T11:21:00+00:00,520.10,520.10,0,completed,GBP
16029,UCI Customer 16029,2010-12-01T09:57:00+00:00,POSTAGE,uci-16029-563562,2011-08-17T14:02:00+00:00,697.60,697.60,0,completed,GBP
16029,UCI Customer 16029,2010-12-01T09:57:00+00:00,POSTAGE,uci-16029-563563,2011-08-17T14:03:00+00:00,6578.08,6578.08,0,completed,GBP
16029,UCI Customer 16029,2010-12-01T09:57:00+00:00,POSTAGE,uci-16029-C563592,2011-08-18T06:12:00+00:00,0,9.6,9.6,refunded,GBP
16029,UCI Customer 16029,2010-12-01T09:57:00+00:00,POSTAGE,uci-16029-564327,2011-08-24T13:33:00+00:00,1177.70,1177.70,0,completed,GBP
16029,UCI Customer 16029,2010-12-01T09:57:00+00:00,POSTAGE,uci-16029-565590,2011-09-05T13:53:00+00:00,324.50,324.50,0,completed,GBP
16029,UCI Customer 16029,2010-12-01T09:57:00+00:00,POSTAGE,uci-16029-565591,2011-09-05T13:54:00+00:00,177.60,177.60,0,completed,GBP
16029,UCI Customer 16029,2010-12-01T09:57:00+00:00,POSTAGE,uci-16029-565592,2011-09-05T13:54:00+00:00,480.00,480.00,0,completed,GBP
16029,UCI Customer 16029,2010-12-01T09:57:00+00:00,POSTAGE,uci-16029-565791,2011-09-07T09:33:00+00:00,189.60,189.60,0,completed,GBP
16029,UCI Customer 16029,2010-12-01T09:57:00+00:00,POSTAGE,uci-16029-565793,2011-09-07T09:40:00+00:00,177.60,177.60,0,completed,GBP
16029,UCI Customer 16029,2010-12-01T09:57:00+00:00,POSTAGE,uci-16029-565794,2011-09-07T09:45:00+00:00,567.60,567.60,0,completed,GBP
16029,UCI Customer 16029,2010-12-01T09:57:00+00:00,POSTAGE,uci-16029-C566613,2011-09-13T17:17:00+00:00,0,15,15,refunded,GBP
16029,UCI Customer 16029,2010-12-01T09:57:00+00:00,POSTAGE,uci-16029-C566614,2011-09-13T17:28:00+00:00,0,102.24,102.24,refunded,GBP
16029,UCI Customer 16029,2010-12-01T09:57:00+00:00,POSTAGE,uci-16029-567455,2011-09-20T12:14:00+00:00,552.60,552.60,0,completed,GBP
16029,UCI Customer 16029,2010-12-01T09:57:00+00:00,POSTAGE,uci-16029-567456,2011-09-20T12:16:00+00:00,703.00,703.00,0,completed,GBP
16029,UCI Customer 16029,2010-12-01T09:57:00+00:00,POSTAGE,uci-16029-569649,2011-10-05T12:42:00+00:00,612.00,612.00,0,completed,GBP
16029,UCI Customer 16029,2010-12-01T09:57:00+00:00,POSTAGE,uci-16029-570092,2011-10-07T11:51:00+00:00,1728.00,1728.00,0,completed,GBP
16029,UCI Customer 16029,2010-12-01T09:57:00+00:00,POSTAGE,uci-16029-570094,2011-10-07T11:56:00+00:00,4186.08,4186.08,0,completed,GBP
16029,UCI Customer 16029,2010-12-01T09:57:00+00:00,POSTAGE,uci-16029-570097,2011-10-07T12:05:00+00:00,7630.56,7630.56,0,completed,GBP
16029,UCI Customer 16029,2010-12-01T09:57:00+00:00,POSTAGE,uci-16029-570338,2011-10-10T12:25:00+00:00,358.00,358.00,0,completed,GBP
16029,UCI Customer 16029,2010-12-01T09:57:00+00:00,POSTAGE,uci-16029-570522,2011-10-11T10:46:00+00:00,2076.00,2076.00,0,completed,GBP
16029,UCI Customer 16029,2010-12-01T09:57:00+00:00,POSTAGE,uci-16029-C570552,2011-10-11T11:01:00+00:00,0,2076.00,2076.00,refunded,GBP
16029,UCI Customer 16029,2010-12-01T09:57:00+00:00,POSTAGE,uci-16029-C570556,2011-10-11T11:10:00+00:00,0,11816.64,11816.64,refunded,GBP
16029,UCI Customer 16029,2010-12-01T09:57:00+00:00,POSTAGE,uci-16029-570557,2011-10-11T11:15:00+00:00,7810.56,7810.56,0,completed,GBP
16029,UCI Customer 16029,2010-12-01T09:57:00+00:00,POSTAGE,uci-16029-C571634,2011-10-18T11:34:00+00:00,0,79.2,79.2,refunded,GBP
16029,UCI Customer 16029,2010-12-01T09:57:00+00:00,POSTAGE,uci-16029-572878,2011-10-26T13:34:00+00:00,431.60,431.60,0,completed,GBP
16029,UCI Customer 16029,2010-12-01T09:57:00+00:00,POSTAGE,uci-16029-573774,2011-11-01T10:27:00+00:00,632.30,632.30,0,completed,GBP
16422,UCI Customer 16422,2010-12-05T15:35:00+00:00,PAPER BUNTING RETROSPOT,uci-16422-C554926,2011-05-27T12:59:00+00:00,0,15.60,15.60,refunded,GBP
16422,UCI Customer 16422,2010-12-05T15:35:00+00:00,PAPER BUNTING RETROSPOT,uci-16422-555194,2011-06-01T11:13:00+00:00,588.36,588.36,0,completed,GBP
16422,UCI Customer 16422,2010-12-05T15:35:00+00:00,PAPER BUNTING RETROSPOT,uci-16422-C555339,2011-06-02T11:32:00+00:00,0,11.7,11.7,refunded,GBP
16422,UCI Customer 16422,2010-12-05T15:35:00+00:00,PAPER BUNTING RETROSPOT,uci-16422-C555357,2011-06-02T13:38:00+00:00,0,17.40,17.40,refunded,GBP
16422,UCI Customer 16422,2010-12-05T15:35:00+00:00,PAPER BUNTING RETROSPOT,uci-16422-555798,2011-06-07T11:32:00+00:00,1121.13,1121.13,0,completed,GBP
16422,UCI Customer 16422,2010-12-05T15:35:00+00:00,PAPER BUNTING RETROSPOT,uci-16422-C557624,2011-06-21T14:22:00+00:00,0,64.15,64.15,refunded,GBP
16422,UCI Customer 16422,2010-12-05T15:35:00+00:00,PAPER BUNTING RETROSPOT,uci-16422-557674,2011-06-22T10:19:00+00:00,1754.97,1754.97,0,completed,GBP
16422,UCI Customer 16422,2010-12-05T15:35:00+00:00,PAPER BUNTING RETROSPOT,uci-16422-558125,2011-06-27T10:20:00+00:00,1112.32,1112.32,0,completed,GBP
16422,UCI Customer 16422,2010-12-05T15:35:00+00:00,PAPER BUNTING RETROSPOT,uci-16422-558276,2011-06-28T10:18:00+00:00,62.40,62.40,0,completed,GBP
16422,UCI Customer 16422,2010-12-05T15:35:00+00:00,PAPER BUNTING RETROSPOT,uci-16422-C558726,2011-07-01T14:32:00+00:00,0,57.6,57.6,refunded,GBP
16422,UCI Customer 16422,2010-12-05T15:35:00+00:00,PAPER BUNTING RETROSPOT,uci-16422-559164,2011-07-06T16:39:00+00:00,587.46,587.46,0,completed,GBP
16422,UCI Customer 16422,2010-12-05T15:35:00+00:00,PAPER BUNTING RETROSPOT,uci-16422-559690,2011-07-11T15:52:00+00:00,850.46,850.46,0,completed,GBP
16422,UCI Customer 16422,2010-12-05T15:35:00+00:00,PAPER BUNTING RETROSPOT,uci-16422-C559739,2011-07-12T11:07:00+00:00,0,57.6,57.6,refunded,GBP
16422,UCI Customer 16422,2010-12-05T15:35:00+00:00,PAPER BUNTING RETROSPOT,uci-16422-C560100,2011-07-14T17:51:00+00:00,0,7.88,7.88,refunded,GBP
16422,UCI Customer 16422,2010-12-05T15:35:00+00:00,PAPER BUNTING RETROSPOT,uci-16422-560280,2011-07-17T15:50:00+00:00,705.30,705.30,0,completed,GBP
16422,UCI Customer 16422,2010-12-05T15:35:00+00:00,PAPER BUNTING RETROSPOT,uci-16422-561111,2011-07-25T11:49:00+00:00,734.00,734.00,0,completed,GBP
16422,UCI Customer 16422,2010-12-05T15:35:00+00:00,PAPER BUNTING RETROSPOT,uci-16422-C561628,2011-07-28T14:10:00+00:00,0,9.6,9.6,refunded,GBP
16422,UCI Customer 16422,2010-12-05T15:35:00+00:00,PAPER BUNTING RETROSPOT,uci-16422-562143,2011-08-03T10:41:00+00:00,2353.00,2353.00,0,completed,GBP
16422,UCI Customer 16422,2010-12-05T15:35:00+00:00,PAPER BUNTING RETROSPOT,uci-16422-C562793,2011-08-09T14:18:00+00:00,0,57.6,57.6,refunded,GBP
16422,UCI Customer 16422,2010-12-05T15:35:00+00:00,PAPER BUNTING RETROSPOT,uci-16422-562967,2011-08-11T10:54:00+00:00,327.12,327.12,0,completed,GBP
16422,UCI Customer 16422,2010-12-05T15:35:00+00:00,PAPER BUNTING RETROSPOT,uci-16422-564219,2011-08-24T09:30:00+00:00,786.84,786.84,0,completed,GBP
16422,UCI Customer 16422,2010-12-05T15:35:00+00:00,PAPER BUNTING RETROSPOT,uci-16422-C565078,2011-08-31T17:45:00+00:00,0,57.6,57.6,refunded,GBP
16422,UCI Customer 16422,2010-12-05T15:35:00+00:00,PAPER BUNTING RETROSPOT,uci-16422-565139,2011-09-01T12:50:00+00:00,550.98,550.98,0,completed,GBP
16422,UCI Customer 16422,2010-12-05T15:35:00+00:00,PAPER BUNTING RETROSPOT,uci-16422-566487,2011-09-13T10:03:00+00:00,358.20,358.20,0,completed,GBP
16422,UCI Customer 16422,2010-12-05T15:35:00+00:00,PAPER BUNTING RETROSPOT,uci-16422-567308,2011-09-19T13:35:00+00:00,575.46,575.46,0,completed,GBP
16422,UCI Customer 16422,2010-12-05T15:35:00+00:00,PAPER BUNTING RETROSPOT,uci-16422-C567903,2011-09-22T16:29:00+00:00,0,3.60,3.60,refunded,GBP
16422,UCI Customer 16422,2010-12-05T15:35:00+00:00,PAPER BUNTING RETROSPOT,uci-16422-568509,2011-09-27T12:26:00+00:00,504.96,504.96,0,completed,GBP
16422,UCI Customer 16422,2010-12-05T15:35:00+00:00,PAPER BUNTING RETROSPOT,uci-16422-568511,2011-09-27T12:26:00+00:00,109.20,109.20,0,completed,GBP
16422,UCI Customer 16422,2010-12-05T15:35:00+00:00,PAPER BUNTING RETROSPOT,uci-16422-569730,2011-10-06T09:45:00+00:00,332.22,332.22,0,completed,GBP
16422,UCI Customer 16422,2010-12-05T15:35:00+00:00,PAPER BUNTING RETROSPOT,uci-16422-570496,2011-10-11T09:05:00+00:00,459.06,459.06,0,completed,GBP
16422,UCI Customer 16422,2010-12-05T15:35:00+00:00,PAPER BUNTING RETROSPOT,uci-16422-571666,2011-10-18T13:02:00+00:00,722.76,722.76,0,completed,GBP
16422,UCI Customer 16422,2010-12-05T15:35:00+00:00,PAPER BUNTING RETROSPOT,uci-16422-573146,2011-10-27T18:10:00+00:00,401.10,401.10,0,completed,GBP
16422,UCI Customer 16422,2010-12-05T15:35:00+00:00,PAPER BUNTING RETROSPOT,uci-16422-574947,2011-11-08T09:03:00+00:00,750.24,750.24,0,completed,GBP
16422,UCI Customer 16422,2010-12-05T15:35:00+00:00,PAPER BUNTING RETROSPOT,uci-16422-576254,2011-11-14T14:02:00+00:00,933.14,933.14,0,completed,GBP
16422,UCI Customer 16422,2010-12-05T15:35:00+00:00,PAPER BUNTING RETROSPOT,uci-16422-576591,2011-11-15T14:32:00+00:00,136.32,136.32,0,completed,GBP
16422,UCI Customer 16422,2010-12-05T15:35:00+00:00,PAPER BUNTING RETROSPOT,uci-16422-578035,2011-11-22T14:00:00+00:00,284.04,284.04,0,completed,GBP
17961,UCI Customer 17961,2010-12-02T19:18:00+00:00,CHEST NATURAL WOOD 20 DRAWERS,uci-17961-541236,2011-01-14T17:16:00+00:00,3.35,3.35,0,completed,GBP
17961,UCI Customer 17961,2010-12-02T19:18:00+00:00,CHEST NATURAL WOOD 20 DRAWERS,uci-17961-541411,2011-01-17T16:07:00+00:00,9.75,9.75,0,completed,GBP
17961,UCI Customer 17961,2010-12-02T19:18:00+00:00,CHEST NATURAL WOOD 20 DRAWERS,uci-17961-543012,2011-02-02T13:28:00+00:00,7.20,7.20,0,completed,GBP
17961,UCI Customer 17961,2010-12-02T19:18:00+00:00,CHEST NATURAL WOOD 20 DRAWERS,uci-17961-544103,2011-02-16T10:33:00+00:00,20.38,20.38,0,completed,GBP
17961,UCI Customer 17961,2010-12-02T19:18:00+00:00,CHEST NATURAL WOOD 20 DRAWERS,uci-17961-545331,2011-03-01T15:49:00+00:00,2.50,2.50,0,completed,GBP
17961,UCI Customer 17961,2010-12-02T19:18:00+00:00,CHEST NATURAL WOOD 20 DRAWERS,uci-17961-546413,2011-03-11T16:54:00+00:00,3.10,3.10,0,completed,GBP
17961,UCI Customer 17961,2010-12-02T19:18:00+00:00,CHEST NATURAL WOOD 20 DRAWERS,uci-17961-546762,2011-03-16T14:12:00+00:00,28.18,28.18,0,completed,GBP
17961,UCI Customer 17961,2010-12-02T19:18:00+00:00,CHEST NATURAL WOOD 20 DRAWERS,uci-17961-546898,2011-03-17T18:27:00+00:00,8.80,8.80,0,completed,GBP
17961,UCI Customer 17961,2010-12-02T19:18:00+00:00,CHEST NATURAL WOOD 20 DRAWERS,uci-17961-547022,2011-03-18T15:44:00+00:00,22.24,22.24,0,completed,GBP
17961,UCI Customer 17961,2010-12-02T19:18:00+00:00,CHEST NATURAL WOOD 20 DRAWERS,uci-17961-549538,2011-04-08T17:25:00+00:00,32.32,32.32,0,completed,GBP
17961,UCI Customer 17961,2010-12-02T19:18:00+00:00,CHEST NATURAL WOOD 20 DRAWERS,uci-17961-550949,2011-04-21T16:01:00+00:00,8.97,8.97,0,completed,GBP
17961,UCI Customer 17961,2010-12-02T19:18:00+00:00,CHEST NATURAL WOOD 20 DRAWERS,uci-17961-551287,2011-04-27T14:17:00+00:00,15.40,15.40,0,completed,GBP
17961,UCI Customer 17961,2010-12-02T19:18:00+00:00,CHEST NATURAL WOOD 20 DRAWERS,uci-17961-551845,2011-05-04T14:03:00+00:00,17.14,17.14,0,completed,GBP
17961,UCI Customer 17961,2010-12-02T19:18:00+00:00,CHEST NATURAL WOOD 20 DRAWERS,uci-17961-553164,2011-05-13T16:12:00+00:00,18.90,18.90,0,completed,GBP
17961,UCI Customer 17961,2010-12-02T19:18:00+00:00,CHEST NATURAL WOOD 20 DRAWERS,uci-17961-554007,2011-05-20T12:26:00+00:00,8.25,8.25,0,completed,GBP
17961,UCI Customer 17961,2010-12-02T19:18:00+00:00,CHEST NATURAL WOOD 20 DRAWERS,uci-17961-554495,2011-05-24T14:18:00+00:00,3.75,3.75,0,completed,GBP
17961,UCI Customer 17961,2010-12-02T19:18:00+00:00,CHEST NATURAL WOOD 20 DRAWERS,uci-17961-554968,2011-05-27T16:24:00+00:00,94.41,94.41,0,completed,GBP
17961,UCI Customer 17961,2010-12-02T19:18:00+00:00,CHEST NATURAL WOOD 20 DRAWERS,uci-17961-556234,2011-06-09T15:27:00+00:00,26.36,26.36,0,completed,GBP
17961,UCI Customer 17961,2010-12-02T19:18:00+00:00,CHEST NATURAL WOOD 20 DRAWERS,uci-17961-556498,2011-06-12T15:57:00+00:00,35.85,35.85,0,completed,GBP
17961,UCI Customer 17961,2010-12-02T19:18:00+00:00,CHEST NATURAL WOOD 20 DRAWERS,uci-17961-557149,2011-06-17T11:01:00+00:00,13.05,13.05,0,completed,GBP
17961,UCI Customer 17961,2010-12-02T19:18:00+00:00,CHEST NATURAL WOOD 20 DRAWERS,uci-17961-557252,2011-06-17T16:23:00+00:00,11.90,11.90,0,completed,GBP
17961,UCI Customer 17961,2010-12-02T19:18:00+00:00,CHEST NATURAL WOOD 20 DRAWERS,uci-17961-557869,2011-06-23T12:21:00+00:00,6.90,6.90,0,completed,GBP
17961,UCI Customer 17961,2010-12-02T19:18:00+00:00,CHEST NATURAL WOOD 20 DRAWERS,uci-17961-559343,2011-07-07T17:01:00+00:00,4.25,4.25,0,completed,GBP
17961,UCI Customer 17961,2010-12-02T19:18:00+00:00,CHEST NATURAL WOOD 20 DRAWERS,uci-17961-560911,2011-07-21T18:00:00+00:00,41.10,41.10,0,completed,GBP
17961,UCI Customer 17961,2010-12-02T19:18:00+00:00,CHEST NATURAL WOOD 20 DRAWERS,uci-17961-560913,2011-07-21T18:07:00+00:00,4.25,4.25,0,completed,GBP
17961,UCI Customer 17961,2010-12-02T19:18:00+00:00,CHEST NATURAL WOOD 20 DRAWERS,uci-17961-561005,2011-07-22T14:53:00+00:00,134.44,134.44,0,completed,GBP
17961,UCI Customer 17961,2010-12-02T19:18:00+00:00,CHEST NATURAL WOOD 20 DRAWERS,uci-17961-562436,2011-08-04T17:55:00+00:00,2.25,2.25,0,completed,GBP
17961,UCI Customer 17961,2010-12-02T19:18:00+00:00,CHEST NATURAL WOOD 20 DRAWERS,uci-17961-562614,2011-08-08T12:15:00+00:00,24.88,24.88,0,completed,GBP
17961,UCI Customer 17961,2010-12-02T19:18:00+00:00,CHEST NATURAL WOOD 20 DRAWERS,uci-17961-566321,2011-09-12T11:44:00+00:00,5.95,5.95,0,completed,GBP
17961,UCI Customer 17961,2010-12-02T19:18:00+00:00,CHEST NATURAL WOOD 20 DRAWERS,uci-17961-566610,2011-09-13T16:56:00+00:00,1.65,1.65,0,completed,GBP
17961,UCI Customer 17961,2010-12-02T19:18:00+00:00,CHEST NATURAL WOOD 20 DRAWERS,uci-17961-566778,2011-09-15T10:02:00+00:00,74.56,74.56,0,completed,GBP
17961,UCI Customer 17961,2010-12-02T19:18:00+00:00,CHEST NATURAL WOOD 20 DRAWERS,uci-17961-567192,2011-09-19T09:20:00+00:00,4.86,4.86,0,completed,GBP
17961,UCI Customer 17961,2010-12-02T19:18:00+00:00,CHEST NATURAL WOOD 20 DRAWERS,uci-17961-569099,2011-09-30T12:12:00+00:00,3.25,3.25,0,completed,GBP
17961,UCI Customer 17961,2010-12-02T19:18:00+00:00,CHEST NATURAL WOOD 20 DRAWERS,uci-17961-575163,2011-11-08T16:28:00+00:00,9.90,9.90,0,completed,GBP
17961,UCI Customer 17961,2010-12-02T19:18:00+00:00,CHEST NATURAL WOOD 20 DRAWERS,uci-17961-577382,2011-11-18T16:48:00+00:00,12.40,12.40,0,completed,GBP
17961,UCI Customer 17961,2010-12-02T19:18:00+00:00,CHEST NATURAL WOOD 20 DRAWERS,uci-17961-577387,2011-11-18T16:55:00+00:00,4.25,4.25,0,completed,GBP
13018,UCI Customer 13018,2011-02-17T11:05:00+00:00,ICE CREAM PEN LIP GLOSS,uci-13018-544211,2011-02-17T11:05:00+00:00,331.20,331.20,0,completed,GBP
13018,UCI Customer 13018,2011-02-17T11:05:00+00:00,ICE CREAM PEN LIP GLOSS,uci-13018-544904,2011-02-24T13:46:00+00:00,311.25,311.25,0,completed,GBP
13018,UCI Customer 13018,2011-02-17T11:05:00+00:00,ICE CREAM PEN LIP GLOSS,uci-13018-C545458,2011-03-02T17:19:00+00:00,0,4.95,4.95,refunded,GBP
13018,UCI Customer 13018,2011-02-17T11:05:00+00:00,ICE CREAM PEN LIP GLOSS,uci-13018-547095,2011-03-21T09:03:00+00:00,332.60,332.60,0,completed,GBP
13018,UCI Customer 13018,2011-02-17T11:05:00+00:00,ICE CREAM PEN LIP GLOSS,uci-13018-548920,2011-04-05T10:19:00+00:00,493.45,493.45,0,completed,GBP
13018,UCI Customer 13018,2011-02-17T11:05:00+00:00,ICE CREAM PEN LIP GLOSS,uci-13018-550341,2011-04-17T15:53:00+00:00,365.36,365.36,0,completed,GBP
13018,UCI Customer 13018,2011-02-17T11:05:00+00:00,ICE CREAM PEN LIP GLOSS,uci-13018-550342,2011-04-17T15:55:00+00:00,391.67,391.67,0,completed,GBP
13018,UCI Customer 13018,2011-02-17T11:05:00+00:00,ICE CREAM PEN LIP GLOSS,uci-13018-551199,2011-04-27T11:30:00+00:00,373.44,373.44,0,completed,GBP
13018,UCI Customer 13018,2011-02-17T11:05:00+00:00,ICE CREAM PEN LIP GLOSS,uci-13018-553063,2011-05-13T11:38:00+00:00,311.30,311.30,0,completed,GBP
13018,UCI Customer 13018,2011-02-17T11:05:00+00:00,ICE CREAM PEN LIP GLOSS,uci-13018-553064,2011-05-13T11:39:00+00:00,51.40,51.40,0,completed,GBP
13018,UCI Customer 13018,2011-02-17T11:05:00+00:00,ICE CREAM PEN LIP GLOSS,uci-13018-553235,2011-05-16T11:13:00+00:00,345.42,345.42,0,completed,GBP
13018,UCI Customer 13018,2011-02-17T11:05:00+00:00,ICE CREAM PEN LIP GLOSS,uci-13018-554929,2011-05-27T13:16:00+00:00,366.87,366.87,0,completed,GBP
13018,UCI Customer 13018,2011-02-17T11:05:00+00:00,ICE CREAM PEN LIP GLOSS,uci-13018-556571,2011-06-13T13:13:00+00:00,178.94,178.94,0,completed,GBP
13018,UCI Customer 13018,2011-02-17T11:05:00+00:00,ICE CREAM PEN LIP GLOSS,uci-13018-559455,2011-07-08T12:34:00+00:00,251.90,251.90,0,completed,GBP
13018,UCI Customer 13018,2011-02-17T11:05:00+00:00,ICE CREAM PEN LIP GLOSS,uci-13018-559456,2011-07-08T12:35:00+00:00,17.40,17.40,0,completed,GBP
13018,UCI Customer 13018,2011-02-17T11:05:00+00:00,ICE CREAM PEN LIP GLOSS,uci-13018-561871,2011-07-31T11:46:00+00:00,377.29,377.29,0,completed,GBP
13018,UCI Customer 13018,2011-02-17T11:05:00+00:00,ICE CREAM PEN LIP GLOSS,uci-13018-561872,2011-07-31T11:46:00+00:00,37.40,37.40,0,completed,GBP
13018,UCI Customer 13018,2011-02-17T11:05:00+00:00,ICE CREAM PEN LIP GLOSS,uci-13018-562783,2011-08-09T13:22:00+00:00,251.96,251.96,0,completed,GBP
13018,UCI Customer 13018,2011-02-17T11:05:00+00:00,ICE CREAM PEN LIP GLOSS,uci-13018-566006,2011-09-08T12:01:00+00:00,286.86,286.86,0,completed,GBP
13018,UCI Customer 13018,2011-02-17T11:05:00+00:00,ICE CREAM PEN LIP GLOSS,uci-13018-566862,2011-09-15T12:46:00+00:00,248.07,248.07,0,completed,GBP
13018,UCI Customer 13018,2011-02-17T11:05:00+00:00,ICE CREAM PEN LIP GLOSS,uci-13018-566863,2011-09-15T12:47:00+00:00,72.30,72.30,0,completed,GBP
13018,UCI Customer 13018,2011-02-17T11:05:00+00:00,ICE CREAM PEN LIP GLOSS,uci-13018-568665,2011-09-28T12:52:00+00:00,282.09,282.09,0,completed,GBP
13018,UCI Customer 13018,2011-02-17T11:05:00+00:00,ICE CREAM PEN LIP GLOSS,uci-13018-569868,2011-10-06T14:59:00+00:00,412.17,412.17,0,completed,GBP
13018,UCI Customer 13018,2011-02-17T11:05:00+00:00,ICE CREAM PEN LIP GLOSS,uci-13018-575202,2011-11-09T10:14:00+00:00,359.70,359.70,0,completed,GBP
13018,UCI Customer 13018,2011-02-17T11:05:00+00:00,ICE CREAM PEN LIP GLOSS,uci-13018-575203,2011-11-09T10:14:00+00:00,42.96,42.96,0,completed,GBP
13018,UCI Customer 13018,2011-02-17T11:05:00+00:00,ICE CREAM PEN LIP GLOSS,uci-13018-575986,2011-11-13T14:11:00+00:00,240.05,240.05,0,completed,GBP
13018,UCI Customer 13018,2011-02-17T11:05:00+00:00,ICE CREAM PEN LIP GLOSS,uci-13018-575987,2011-11-13T14:14:00+00:00,29.82,29.82,0,completed,GBP
13018,UCI Customer 13018,2011-02-17T11:05:00+00:00,ICE CREAM PEN LIP GLOSS,uci-13018-575988,2011-11-13T14:18:00+00:00,108.30,108.30,0,completed,GBP
13018,UCI Customer 13018,2011-02-17T11:05:00+00:00,ICE CREAM PEN LIP GLOSS,uci-13018-578265,2011-11-23T13:28:00+00:00,406.53,406.53,0,completed,GBP
14849,UCI Customer 14849,2010-12-01T12:22:00+00:00,ASSORTED COLOUR BIRD ORNAMENT,uci-14849-536460,2010-12-01T12:22:00+00:00,295.54,295.54,0,completed,GBP
14849,UCI Customer 14849,2010-12-01T12:22:00+00:00,ASSORTED COLOUR BIRD ORNAMENT,uci-14849-536463,2010-12-01T12:22:00+00:00,17.40,17.40,0,completed,GBP
14849,UCI Customer 14849,2010-12-01T12:22:00+00:00,ASSORTED COLOUR BIRD ORNAMENT,uci-14849-536466,2010-12-01T12:23:00+00:00,42.90,42.90,0,completed,GBP
14849,UCI Customer 14849,2010-12-01T12:22:00+00:00,ASSORTED COLOUR BIRD ORNAMENT,uci-14849-539142,2010-12-16T11:35:00+00:00,164.60,164.60,0,completed,GBP
14849,UCI Customer 14849,2010-12-01T12:22:00+00:00,ASSORTED COLOUR BIRD ORNAMENT,uci-14849-539143,2010-12-16T11:35:00+00:00,46.45,46.45,0,completed,GBP
14849,UCI Customer 14849,2010-12-01T12:22:00+00:00,ASSORTED COLOUR BIRD ORNAMENT,uci-14849-542087,2011-01-25T12:35:00+00:00,459.84,459.84,0,completed,GBP
14849,UCI Customer 14849,2010-12-01T12:22:00+00:00,ASSORTED COLOUR BIRD ORNAMENT,uci-14849-C542263,2011-01-26T17:16:00+00:00,0,2.95,2.95,refunded,GBP
14849,UCI Customer 14849,2010-12-01T12:22:00+00:00,ASSORTED COLOUR BIRD ORNAMENT,uci-14849-543987,2011-02-15T09:49:00+00:00,383.60,383.60,0,completed,GBP
14849,UCI Customer 14849,2010-12-01T12:22:00+00:00,ASSORTED COLOUR BIRD ORNAMENT,uci-14849-543988,2011-02-15T09:50:00+00:00,17.70,17.70,0,completed,GBP
14849,UCI Customer 14849,2010-12-01T12:22:00+00:00,ASSORTED COLOUR BIRD ORNAMENT,uci-14849-548916,2011-04-05T10:07:00+00:00,422.34,422.34,0,completed,GBP
14849,UCI Customer 14849,2010-12-01T12:22:00+00:00,ASSORTED COLOUR BIRD ORNAMENT,uci-14849-552614,2011-05-10T12:51:00+00:00,562.54,562.54,0,completed,GBP
14849,UCI Customer 14849,2010-12-01T12:22:00+00:00,ASSORTED COLOUR BIRD ORNAMENT,uci-14849-C553534,2011-05-17T15:15:00+00:00,0,3.75,3.75,refunded,GBP
14849,UCI Customer 14849,2010-12-01T12:22:00+00:00,ASSORTED COLOUR BIRD ORNAMENT,uci-14849-557117,2011-06-16T17:04:00+00:00,620.58,620.58,0,completed,GBP
14849,UCI Customer 14849,2010-12-01T12:22:00+00:00,ASSORTED COLOUR BIRD ORNAMENT,uci-14849-557118,2011-06-16T17:05:00+00:00,364.16,364.16,0,completed,GBP
14849,UCI Customer 14849,2010-12-01T12:22:00+00:00,ASSORTED COLOUR BIRD ORNAMENT,uci-14849-560918,2011-07-21T18:27:00+00:00,813.89,813.89,0,completed,GBP
14849,UCI Customer 14849,2010-12-01T12:22:00+00:00,ASSORTED COLOUR BIRD ORNAMENT,uci-14849-563110,2011-08-12T11:07:00+00:00,509.08,509.08,0,completed,GBP
14849,UCI Customer 14849,2010-12-01T12:22:00+00:00,ASSORTED COLOUR BIRD ORNAMENT,uci-14849-563112,2011-08-12T11:09:00+00:00,304.63,304.63,0,completed,GBP
14849,UCI Customer 14849,2010-12-01T12:22:00+00:00,ASSORTED COLOUR BIRD ORNAMENT,uci-14849-565610,2011-09-05T14:56:00+00:00,357.34,357.34,0,completed,GBP
14849,UCI Customer 14849,2010-12-01T12:22:00+00:00,ASSORTED COLOUR BIRD ORNAMENT,uci-14849-565611,2011-09-05T14:57:00+00:00,401.94,401.94,0,completed,GBP
14849,UCI Customer 14849,2010-12-01T12:22:00+00:00,ASSORTED COLOUR BIRD ORNAMENT,uci-14849-569766,2011-10-06T11:24:00+00:00,393.57,393.57,0,completed,GBP
14849,UCI Customer 14849,2010-12-01T12:22:00+00:00,ASSORTED COLOUR BIRD ORNAMENT,uci-14849-569767,2011-10-06T11:24:00+00:00,391.78,391.78,0,completed,GBP
14849,UCI Customer 14849,2010-12-01T12:22:00+00:00,ASSORTED COLOUR BIRD ORNAMENT,uci-14849-C570996,2011-10-13T12:02:00+00:00,0,19.56,19.56,refunded,GBP
14849,UCI Customer 14849,2010-12-01T12:22:00+00:00,ASSORTED COLOUR BIRD ORNAMENT,uci-14849-574239,2011-11-03T12:43:00+00:00,467.86,467.86,0,completed,GBP
14849,UCI Customer 14849,2010-12-01T12:22:00+00:00,ASSORTED COLOUR BIRD ORNAMENT,uci-14849-574241,2011-11-03T12:46:00+00:00,10.08,10.08,0,completed,GBP
14849,UCI Customer 14849,2010-12-01T12:22:00+00:00,ASSORTED COLOUR BIRD ORNAMENT,uci-14849-574245,2011-11-03T12:47:00+00:00,34.80,34.80,0,completed,GBP
14849,UCI Customer 14849,2010-12-01T12:22:00+00:00,ASSORTED COLOUR BIRD ORNAMENT,uci-14849-574246,2011-11-03T12:49:00+00:00,45.00,45.00,0,completed,GBP
14849,UCI Customer 14849,2010-12-01T12:22:00+00:00,ASSORTED COLOUR BIRD ORNAMENT,uci-14849-577173,2011-11-18T10:57:00+00:00,579.86,579.86,0,completed,GBP
14849,UCI Customer 14849,2010-12-01T12:22:00+00:00,ASSORTED COLOUR BIRD ORNAMENT,uci-14849-577175,2011-11-18T10:58:00+00:00,223.06,223.06,0,completed,GBP
12415,UCI Customer 12415,2011-01-06T11:12:00+00:00,RABBIT NIGHT LIGHT,uci-12415-540267,2011-01-06T11:12:00+00:00,7011.38,7011.38,0,completed,GBP
12415,UCI Customer 12415,2011-01-06T11:12:00+00:00,RABBIT NIGHT LIGHT,uci-12415-540557,2011-01-10T09:58:00+00:00,81.60,81.60,0,completed,GBP
12415,UCI Customer 12415,2011-01-06T11:12:00+00:00,RABBIT NIGHT LIGHT,uci-12415-543989,2011-02-15T09:52:00+00:00,14022.92,14022.92,0,completed,GBP
12415,UCI Customer 12415,2011-01-06T11:12:00+00:00,RABBIT NIGHT LIGHT,uci-12415-545475,2011-03-03T10:59:00+00:00,16726.84,16726.84,0,completed,GBP
12415,UCI Customer 12415,2011-01-06T11:12:00+00:00,RABBIT NIGHT LIGHT,uci-12415-C545525,2011-03-03T13:11:00+00:00,0,168.70,168.70,refunded,GBP
12415,UCI Customer 12415,2011-01-06T11:12:00+00:00,RABBIT NIGHT LIGHT,uci-12415-548661,2011-04-01T14:28:00+00:00,350,350,0,completed,GBP
12415,UCI Customer 12415,2011-01-06T11:12:00+00:00,RABBIT NIGHT LIGHT,uci-12415-C551348,2011-04-28T09:49:00+00:00,0,425.00,425.00,refunded,GBP
12415,UCI Customer 12415,2011-01-06T11:12:00+00:00,RABBIT NIGHT LIGHT,uci-12415-553546,2011-05-17T15:42:00+00:00,11924.80,11924.80,0,completed,GBP
12415,UCI Customer 12415,2011-01-06T11:12:00+00:00,RABBIT NIGHT LIGHT,uci-12415-554037,2011-05-20T14:13:00+00:00,766.36,766.36,0,completed,GBP
12415,UCI Customer 12415,2011-01-06T11:12:00+00:00,RABBIT NIGHT LIGHT,uci-12415-556917,2011-06-15T13:37:00+00:00,22775.93,22775.93,0,completed,GBP
12415,UCI Customer 12415,2011-01-06T11:12:00+00:00,RABBIT NIGHT LIGHT,uci-12415-556918,2011-06-15T13:37:00+00:00,650.88,650.88,0,completed,GBP
12415,UCI Customer 12415,2011-01-06T11:12:00+00:00,RABBIT NIGHT LIGHT,uci-12415-559919,2011-07-13T15:30:00+00:00,2735.16,2735.16,0,completed,GBP
12415,UCI Customer 12415,2011-01-06T11:12:00+00:00,RABBIT NIGHT LIGHT,uci-12415-559920,2011-07-13T15:31:00+00:00,61.20,61.20,0,completed,GBP
12415,UCI Customer 12415,2011-01-06T11:12:00+00:00,RABBIT NIGHT LIGHT,uci-12415-560491,2011-07-19T10:51:00+00:00,158.65,158.65,0,completed,GBP
12415,UCI Customer 12415,2011-01-06T11:12:00+00:00,RABBIT NIGHT LIGHT,uci-12415-C560540,2011-07-19T12:26:00+00:00,0,158.65,158.65,refunded,GBP
12415,UCI Customer 12415,2011-01-06T11:12:00+00:00,RABBIT NIGHT LIGHT,uci-12415-563614,2011-08-18T08:51:00+00:00,21880.44,21880.44,0,completed,GBP
12415,UCI Customer 12415,2011-01-06T11:12:00+00:00,RABBIT NIGHT LIGHT,uci-12415-565145,2011-09-01T13:50:00+00:00,2732.92,2732.92,0,completed,GBP
12415,UCI Customer 12415,2011-01-06T11:12:00+00:00,RABBIT NIGHT LIGHT,uci-12415-565146,2011-09-01T13:51:00+00:00,208.80,208.80,0,completed,GBP
12415,UCI Customer 12415,2011-01-06T11:12:00+00:00,RABBIT NIGHT LIGHT,uci-12415-569647,2011-10-05T12:35:00+00:00,828.00,828.00,0,completed,GBP
12415,UCI Customer 12415,2011-01-06T11:12:00+00:00,RABBIT NIGHT LIGHT,uci-12415-569650,2011-10-05T12:44:00+00:00,15643.77,15643.77,0,completed,GBP
12415,UCI Customer 12415,2011-01-06T11:12:00+00:00,RABBIT NIGHT LIGHT,uci-12415-574014,2011-11-02T12:03:00+00:00,624.24,624.24,0,completed,GBP
12415,UCI Customer 12415,2011-01-06T11:12:00+00:00,RABBIT NIGHT LIGHT,uci-12415-C574019,2011-11-02T12:05:00+00:00,0,174.00,174.00,refunded,GBP
12415,UCI Customer 12415,2011-01-06T11:12:00+00:00,RABBIT NIGHT LIGHT,uci-12415-574138,2011-11-03T11:26:00+00:00,375.24,375.24,0,completed,GBP
12415,UCI Customer 12415,2011-01-06T11:12:00+00:00,RABBIT NIGHT LIGHT,uci-12415-C574344,2011-11-04T10:18:00+00:00,0,262.73,262.73,refunded,GBP
12415,UCI Customer 12415,2011-01-06T11:12:00+00:00,RABBIT NIGHT LIGHT,uci-12415-576394,2011-11-15T10:32:00+00:00,4925.80,4925.80,0,completed,GBP
12415,UCI Customer 12415,2011-01-06T11:12:00+00:00,RABBIT NIGHT LIGHT,uci-12415-576586,2011-11-15T14:22:00+00:00,429.60,429.60,0,completed,GBP
16729,UCI Customer 16729,2011-04-12T14:22:00+00:00,ASSORTED COLOUR BIRD ORNAMENT,uci-16729-549845,2011-04-12T14:22:00+00:00,504.27,504.27,0,completed,GBP
16729,UCI Customer 16729,2011-04-12T14:22:00+00:00,ASSORTED COLOUR BIRD ORNAMENT,uci-16729-550488,2011-04-18T14:27:00+00:00,273.71,273.71,0,completed,GBP
16729,UCI Customer 16729,2011-04-12T14:22:00+00:00,ASSORTED COLOUR BIRD ORNAMENT,uci-16729-551134,2011-04-26T13:02:00+00:00,604.73,604.73,0,completed,GBP
16729,UCI Customer 16729,2011-04-12T14:22:00+00:00,ASSORTED COLOUR BIRD ORNAMENT,uci-16729-551135,2011-04-26T13:04:00+00:00,7.25,7.25,0,completed,GBP
16729,UCI Customer 16729,2011-04-12T14:22:00+00:00,ASSORTED COLOUR BIRD ORNAMENT,uci-16729-552065,2011-05-06T11:20:00+00:00,190.54,190.54,0,completed,GBP
16729,UCI Customer 16729,2011-04-12T14:22:00+00:00,ASSORTED COLOUR BIRD ORNAMENT,uci-16729-552446,2011-05-09T13:28:00+00:00,351.83,351.83,0,completed,GBP
16729,UCI Customer 16729,2011-04-12T14:22:00+00:00,ASSORTED COLOUR BIRD ORNAMENT,uci-16729-552447,2011-05-09T13:43:00+00:00,37.5,37.5,0,completed,GBP
16729,UCI Customer 16729,2011-04-12T14:22:00+00:00,ASSORTED COLOUR BIRD ORNAMENT,uci-16729-553345,2011-05-16T12:53:00+00:00,533.70,533.70,0,completed,GBP
16729,UCI Customer 16729,2011-04-12T14:22:00+00:00,ASSORTED COLOUR BIRD ORNAMENT,uci-16729-554323,2011-05-23T15:33:00+00:00,330.60,330.60,0,completed,GBP
16729,UCI Customer 16729,2011-04-12T14:22:00+00:00,ASSORTED COLOUR BIRD ORNAMENT,uci-16729-C555337,2011-06-02T11:13:00+00:00,0,1.95,1.95,refunded,GBP
16729,UCI Customer 16729,2011-04-12T14:22:00+00:00,ASSORTED COLOUR BIRD ORNAMENT,uci-16729-555349,2011-06-02T12:08:00+00:00,294.69,294.69,0,completed,GBP
16729,UCI Customer 16729,2011-04-12T14:22:00+00:00,ASSORTED COLOUR BIRD ORNAMENT,uci-16729-556426,2011-06-10T13:18:00+00:00,249.49,249.49,0,completed,GBP
16729,UCI Customer 16729,2011-04-12T14:22:00+00:00,ASSORTED COLOUR BIRD ORNAMENT,uci-16729-C557004,2011-06-16T11:16:00+00:00,0,1.95,1.95,refunded,GBP
16729,UCI Customer 16729,2011-04-12T14:22:00+00:00,ASSORTED COLOUR BIRD ORNAMENT,uci-16729-557008,2011-06-16T11:38:00+00:00,112.88,112.88,0,completed,GBP
16729,UCI Customer 16729,2011-04-12T14:22:00+00:00,ASSORTED COLOUR BIRD ORNAMENT,uci-16729-C558969,2011-07-05T11:01:00+00:00,0,14.54,14.54,refunded,GBP
16729,UCI Customer 16729,2011-04-12T14:22:00+00:00,ASSORTED COLOUR BIRD ORNAMENT,uci-16729-558993,2011-07-05T11:49:00+00:00,504.98,504.98,0,completed,GBP
16729,UCI Customer 16729,2011-04-12T14:22:00+00:00,ASSORTED COLOUR BIRD ORNAMENT,uci-16729-560701,2011-07-20T12:45:00+00:00,299.28,299.28,0,completed,GBP
16729,UCI Customer 16729,2011-04-12T14:22:00+00:00,ASSORTED COLOUR BIRD ORNAMENT,uci-16729-561774,2011-07-29T12:41:00+00:00,325.63,325.63,0,completed,GBP
16729,UCI Customer 16729,2011-04-12T14:22:00+00:00,ASSORTED COLOUR BIRD ORNAMENT,uci-16729-C562561,2011-08-05T17:13:00+00:00,0,125,125,refunded,GBP
16729,UCI Customer 16729,2011-04-12T14:22:00+00:00,ASSORTED COLOUR BIRD ORNAMENT,uci-16729-563546,2011-08-17T12:24:00+00:00,395.37,395.37,0,completed,GBP
16729,UCI Customer 16729,2011-04-12T14:22:00+00:00,ASSORTED COLOUR BIRD ORNAMENT,uci-16729-565198,2011-09-01T16:18:00+00:00,346.98,346.98,0,completed,GBP
16729,UCI Customer 16729,2011-04-12T14:22:00+00:00,ASSORTED COLOUR BIRD ORNAMENT,uci-16729-566872,2011-09-15T13:28:00+00:00,354.45,354.45,0,completed,GBP
16729,UCI Customer 16729,2011-04-12T14:22:00+00:00,ASSORTED COLOUR BIRD ORNAMENT,uci-16729-569105,2011-09-30T12:35:00+00:00,454.33,454.33,0,completed,GBP
16729,UCI Customer 16729,2011-04-12T14:22:00+00:00,ASSORTED COLOUR BIRD ORNAMENT,uci-16729-571456,2011-10-17T13:57:00+00:00,493.05,493.05,0,completed,GBP
16729,UCI Customer 16729,2011-04-12T14:22:00+00:00,ASSORTED COLOUR BIRD ORNAMENT,uci-16729-573897,2011-11-01T14:29:00+00:00,574.66,574.66,0,completed,GBP
16729,UCI Customer 16729,2011-04-12T14:22:00+00:00,ASSORTED COLOUR BIRD ORNAMENT,uci-16729-C574318,2011-11-03T19:11:00+00:00,0,20.20,20.20,refunded,GBP
17377,UCI Customer 17377,2010-12-01T12:35:00+00:00,VINTAGE UNION JACK BUNTING,uci-17377-536500,2010-12-01T12:35:00+00:00,223.90,223.90,0,completed,GBP
17377,UCI Customer 17377,2010-12-01T12:35:00+00:00,VINTAGE UNION JACK BUNTING,uci-17377-537898,2010-12-09T10:42:00+00:00,364.40,364.40,0,completed,GBP
17377,UCI Customer 17377,2010-12-01T12:35:00+00:00,VINTAGE UNION JACK BUNTING,uci-17377-C539224,2010-12-16T13:01:00+00:00,0,175,175,refunded,GBP
17377,UCI Customer 17377,2010-12-01T12:35:00+00:00,VINTAGE UNION JACK BUNTING,uci-17377-539454,2010-12-17T17:12:00+00:00,196.78,196.78,0,completed,GBP
17377,UCI Customer 17377,2010-12-01T12:35:00+00:00,VINTAGE UNION JACK BUNTING,uci-17377-543590,2011-02-10T11:44:00+00:00,216.58,216.58,0,completed,GBP
17377,UCI Customer 17377,2010-12-01T12:35:00+00:00,VINTAGE UNION JACK BUNTING,uci-17377-544916,2011-02-24T15:42:00+00:00,132.17,132.17,0,completed,GBP
17377,UCI Customer 17377,2010-12-01T12:35:00+00:00,VINTAGE UNION JACK BUNTING,uci-17377-546163,2011-03-10T10:03:00+00:00,146.23,146.23,0,completed,GBP
17377,UCI Customer 17377,2010-12-01T12:35:00+00:00,VINTAGE UNION JACK BUNTING,uci-17377-548012,2011-03-29T11:15:00+00:00,317.56,317.56,0,completed,GBP
17377,UCI Customer 17377,2010-12-01T12:35:00+00:00,VINTAGE UNION JACK BUNTING,uci-17377-557284,2011-06-19T12:29:00+00:00,133.07,133.07,0,completed,GBP
17377,UCI Customer 17377,2010-12-01T12:35:00+00:00,VINTAGE UNION JACK BUNTING,uci-17377-562542,2011-08-05T15:40:00+00:00,314.69,314.69,0,completed,GBP
17377,UCI Customer 17377,2010-12-01T12:35:00+00:00,VINTAGE UNION JACK BUNTING,uci-17377-566238,2011-09-11T11:24:00+00:00,164.42,164.42,0,completed,GBP
17377,UCI Customer 17377,2010-12-01T12:35:00+00:00,VINTAGE UNION JACK BUNTING,uci-17377-568224,2011-09-26T10:22:00+00:00,126.47,126.47,0,completed,GBP
17377,UCI Customer 17377,2010-12-01T12:35:00+00:00,VINTAGE UNION JACK BUNTING,uci-17377-570289,2011-10-10T11:50:00+00:00,168.30,168.30,0,completed,GBP
17377,UCI Customer 17377,2010-12-01T12:35:00+00:00,VINTAGE UNION JACK BUNTING,uci-17377-571317,2011-10-17T10:48:00+00:00,358.68,358.68,0,completed,GBP
17377,UCI Customer 17377,2010-12-01T12:35:00+00:00,VINTAGE UNION JACK BUNTING,uci-17377-572191,2011-10-21T11:18:00+00:00,112.18,112.18,0,completed,GBP
17377,UCI Customer 17377,2010-12-01T12:35:00+00:00,VINTAGE UNION JACK BUNTING,uci-17377-572288,2011-10-23T12:28:00+00:00,204.07,204.07,0,completed,GBP
17377,UCI Customer 17377,2010-12-01T12:35:00+00:00,VINTAGE UNION JACK BUNTING,uci-17377-573772,2011-11-01T10:16:00+00:00,155.65,155.65,0,completed,GBP
17377,UCI Customer 17377,2010-12-01T12:35:00+00:00,VINTAGE UNION JACK BUNTING,uci-17377-574340,2011-11-04T10:08:00+00:00,157.70,157.70,0,completed,GBP
17377,UCI Customer 17377,2010-12-01T12:35:00+00:00,VINTAGE UNION JACK BUNTING,uci-17377-575211,2011-11-09T10:39:00+00:00,287.51,287.51,0,completed,GBP
17377,UCI Customer 17377,2010-12-01T12:35:00+00:00,VINTAGE UNION JACK BUNTING,uci-17377-576191,2011-11-14T11:54:00+00:00,213.61,213.61,0,completed,GBP
17377,UCI Customer 17377,2010-12-01T12:35:00+00:00,VINTAGE UNION JACK BUNTING,uci-17377-576661,2011-11-16T11:17:00+00:00,106.95,106.95,0,completed,GBP
17865,UCI Customer 17865,2010-12-10T14:53:00+00:00,REGENCY CAKESTAND 3 TIER,uci-17865-538346,2010-12-10T14:53:00+00:00,756.45,756.45,0,completed,GBP
17865,UCI Customer 17865,2010-12-10T14:53:00+00:00,REGENCY CAKESTAND 3 TIER,uci-17865-539445,2010-12-17T15:57:00+00:00,323.38,323.38,0,completed,GBP
17865,UCI Customer 17865,2010-12-10T14:53:00+00:00,REGENCY CAKESTAND 3 TIER,uci-17865-544282,2011-02-17T12:24:00+00:00,655.28,655.28,0,completed,GBP
17865,UCI Customer 17865,2010-12-10T14:53:00+00:00,REGENCY CAKESTAND 3 TIER,uci-17865-C544507,2011-02-21T11:46:00+00:00,0,76.65,76.65,refunded,GBP
17865,UCI Customer 17865,2010-12-10T14:53:00+00:00,REGENCY CAKESTAND 3 TIER,uci-17865-544893,2011-02-24T12:01:00+00:00,596.24,596.24,0,completed,GBP
17865,UCI Customer 17865,2010-12-10T14:53:00+00:00,REGENCY CAKESTAND 3 TIER,uci-17865-C545456,2011-03-02T17:15:00+00:00,0,13.40,13.40,refunded,GBP
17865,UCI Customer 17865,2010-12-10T14:53:00+00:00,REGENCY CAKESTAND 3 TIER,uci-17865-547251,2011-03-22T09:43:00+00:00,398.22,398.22,0,completed,GBP
17865,UCI Customer 17865,2010-12-10T14:53:00+00:00,REGENCY CAKESTAND 3 TIER,uci-17865-550017,2011-04-14T11:07:00+00:00,569.20,569.20,0,completed,GBP
17865,UCI Customer 17865,2010-12-10T14:53:00+00:00,REGENCY CAKESTAND 3 TIER,uci-17865-553828,2011-05-19T11:24:00+00:00,862.89,862.89,0,completed,GBP
17865,UCI Customer 17865,2010-12-10T14:53:00+00:00,REGENCY CAKESTAND 3 TIER,uci-17865-C554849,2011-05-26T19:58:00+00:00,0,37.48,37.48,refunded,GBP
17865,UCI Customer 17865,2010-12-10T14:53:00+00:00,REGENCY CAKESTAND 3 TIER,uci-17865-557110,2011-06-16T16:26:00+00:00,102.0,102.0,0,completed,GBP
17865,UCI Customer 17865,2010-12-10T14:53:00+00:00,REGENCY CAKESTAND 3 TIER,uci-17865-C557111,2011-06-16T16:27:00+00:00,0,102.0,102.0,refunded,GBP
17865,UCI Customer 17865,2010-12-10T14:53:00+00:00,REGENCY CAKESTAND 3 TIER,uci-17865-558641,2011-07-01T09:19:00+00:00,831.34,831.34,0,completed,GBP
17865,UCI Customer 17865,2010-12-10T14:53:00+00:00,REGENCY CAKESTAND 3 TIER,uci-17865-563505,2011-08-17T09:45:00+00:00,687.16,687.16,0,completed,GBP
17865,UCI Customer 17865,2010-12-10T14:53:00+00:00,REGENCY CAKESTAND 3 TIER,uci-17865-564306,2011-08-24T12:23:00+00:00,1142.88,1142.88,0,completed,GBP
17865,UCI Customer 17865,2010-12-10T14:53:00+00:00,REGENCY CAKESTAND 3 TIER,uci-17865-564307,2011-08-24T12:32:00+00:00,92.30,92.30,0,completed,GBP
17865,UCI Customer 17865,2010-12-10T14:53:00+00:00,REGENCY CAKESTAND 3 TIER,uci-17865-C564854,2011-08-31T08:56:00+00:00,0,38.75,38.75,refunded,GBP
17865,UCI Customer 17865,2010-12-10T14:53:00+00:00,REGENCY CAKESTAND 3 TIER,uci-17865-C566167,2011-09-09T12:00:00+00:00,0,44.15,44.15,refunded,GBP
17865,UCI Customer 17865,2010-12-10T14:53:00+00:00,REGENCY CAKESTAND 3 TIER,uci-17865-566426,2011-09-12T14:23:00+00:00,663.24,663.24,0,completed,GBP
17865,UCI Customer 17865,2010-12-10T14:53:00+00:00,REGENCY CAKESTAND 3 TIER,uci-17865-566429,2011-09-12T14:24:00+00:00,25.2,25.2,0,completed,GBP
17865,UCI Customer 17865,2010-12-10T14:53:00+00:00,REGENCY CAKESTAND 3 TIER,uci-17865-566833,2011-09-15T11:47:00+00:00,237.08,237.08,0,completed,GBP
17865,UCI Customer 17865,2010-12-10T14:53:00+00:00,REGENCY CAKESTAND 3 TIER,uci-17865-567637,2011-09-21T13:57:00+00:00,498.62,498.62,0,completed,GBP
17865,UCI Customer 17865,2010-12-10T14:53:00+00:00,REGENCY CAKESTAND 3 TIER,uci-17865-567638,2011-09-21T13:58:00+00:00,73.60,73.60,0,completed,GBP
17865,UCI Customer 17865,2010-12-10T14:53:00+00:00,REGENCY CAKESTAND 3 TIER,uci-17865-572767,2011-10-26T10:11:00+00:00,702.86,702.86,0,completed,GBP
17865,UCI Customer 17865,2010-12-10T14:53:00+00:00,REGENCY CAKESTAND 3 TIER,uci-17865-572768,2011-10-26T10:13:00+00:00,177.64,177.64,0,completed,GBP
17865,UCI Customer 17865,2010-12-10T14:53:00+00:00,REGENCY CAKESTAND 3 TIER,uci-17865-C573756,2011-11-01T09:46:00+00:00,0,55.35,55.35,refunded,GBP
17865,UCI Customer 17865,2010-12-10T14:53:00+00:00,REGENCY CAKESTAND 3 TIER,uci-17865-575269,2011-11-09T12:08:00+00:00,1130.74,1130.74,0,completed,GBP
15513,UCI Customer 15513,2010-12-01T11:22:00+00:00,WOOD BLACK BOARD ANT WHITE FINISH,uci-15513-536402,2010-12-01T11:22:00+00:00,357.00,357.00,0,completed,GBP
15513,UCI Customer 15513,2010-12-01T11:22:00+00:00,WOOD BLACK BOARD ANT WHITE FINISH,uci-15513-537881,2010-12-09T09:23:00+00:00,956.50,956.50,0,completed,GBP
15513,UCI Customer 15513,2010-12-01T11:22:00+00:00,WOOD BLACK BOARD ANT WHITE FINISH,uci-15513-541088,2011-01-13T12:41:00+00:00,692.82,692.82,0,completed,GBP
15513,UCI Customer 15513,2010-12-01T11:22:00+00:00,WOOD BLACK BOARD ANT WHITE FINISH,uci-15513-541425,2011-01-18T08:43:00+00:00,79.20,79.20,0,completed,GBP
15513,UCI Customer 15513,2010-12-01T11:22:00+00:00,WOOD BLACK BOARD ANT WHITE FINISH,uci-15513-542349,2011-01-27T12:10:00+00:00,328.74,328.74,0,completed,GBP
15513,UCI Customer 15513,2010-12-01T11:22:00+00:00,WOOD BLACK BOARD ANT WHITE FINISH,uci-15513-C543381,2011-02-07T15:52:00+00:00,0,152.64,152.64,refunded,GBP
15513,UCI Customer 15513,2010-12-01T11:22:00+00:00,WOOD BLACK BOARD ANT WHITE FINISH,uci-15513-546367,2011-03-11T11:38:00+00:00,1726.60,1726.60,0,completed,GBP
15513,UCI Customer 15513,2010-12-01T11:22:00+00:00,WOOD BLACK BOARD ANT WHITE FINISH,uci-15513-546369,2011-03-11T11:41:00+00:00,67.50,67.50,0,completed,GBP
15513,UCI Customer 15513,2010-12-01T11:22:00+00:00,WOOD BLACK BOARD ANT WHITE FINISH,uci-15513-547686,2011-03-24T14:49:00+00:00,310.40,310.40,0,completed,GBP
15513,UCI Customer 15513,2010-12-01T11:22:00+00:00,WOOD BLACK BOARD ANT WHITE FINISH,uci-15513-552867,2011-05-12T08:36:00+00:00,1105.00,1105.00,0,completed,GBP
15513,UCI Customer 15513,2010-12-01T11:22:00+00:00,WOOD BLACK BOARD ANT WHITE FINISH,uci-15513-552868,2011-05-12T08:39:00+00:00,5.04,5.04,0,completed,GBP
15513,UCI Customer 15513,2010-12-01T11:22:00+00:00,WOOD BLACK BOARD ANT WHITE FINISH,uci-15513-552870,2011-05-12T08:42:00+00:00,123.50,123.50,0,completed,GBP
15513,UCI Customer 15513,2010-12-01T11:22:00+00:00,WOOD BLACK BOARD ANT WHITE FINISH,uci-15513-554507,2011-05-24T15:29:00+00:00,317.16,317.16,0,completed,GBP
15513,UCI Customer 15513,2010-12-01T11:22:00+00:00,WOOD BLACK BOARD ANT WHITE FINISH,uci-15513-557211,2011-06-17T11:49:00+00:00,1025.34,1025.34,0,completed,GBP
15513,UCI Customer 15513,2010-12-01T11:22:00+00:00,WOOD BLACK BOARD ANT WHITE FINISH,uci-15513-561258,2011-07-26T12:03:00+00:00,1611.11,1611.11,0,completed,GBP
15513,UCI Customer 15513,2010-12-01T11:22:00+00:00,WOOD BLACK BOARD ANT WHITE FINISH,uci-15513-564507,2011-08-25T14:34:00+00:00,222.96,222.96,0,completed,GBP
15513,UCI Customer 15513,2010-12-01T11:22:00+00:00,WOOD BLACK BOARD ANT WHITE FINISH,uci-15513-565675,2011-09-06T09:51:00+00:00,2184.59,2184.59,0,completed,GBP
15513,UCI Customer 15513,2010-12-01T11:22:00+00:00,WOOD BLACK BOARD ANT WHITE FINISH,uci-15513-565676,2011-09-06T09:53:00+00:00,238.68,238.68,0,completed,GBP
15513,UCI Customer 15513,2010-12-01T11:22:00+00:00,WOOD BLACK BOARD ANT WHITE FINISH,uci-15513-C566611,2011-09-13T17:14:00+00:00,0,7.20,7.20,refunded,GBP
15513,UCI Customer 15513,2010-12-01T11:22:00+00:00,WOOD BLACK BOARD ANT WHITE FINISH,uci-15513-573320,2011-10-30T10:29:00+00:00,2520.28,2520.28,0,completed,GBP
15513,UCI Customer 15513,2010-12-01T11:22:00+00:00,WOOD BLACK BOARD ANT WHITE FINISH,uci-15513-574718,2011-11-06T14:36:00+00:00,885.80,885.80,0,completed,GBP
15513,UCI Customer 15513,2010-12-01T11:22:00+00:00,WOOD BLACK BOARD ANT WHITE FINISH,uci-15513-C575159,2011-11-08T16:21:00+00:00,0,78.30,78.30,refunded,GBP
16945,UCI Customer 16945,2010-12-16T17:49:00+00:00,JUMBO  BAG BAROQUE BLACK WHITE,uci-16945-539309,2010-12-16T17:49:00+00:00,279.85,279.85,0,completed,GBP
16945,UCI Customer 16945,2010-12-16T17:49:00+00:00,JUMBO  BAG BAROQUE BLACK WHITE,uci-16945-543373,2011-02-07T15:04:00+00:00,181.44,181.44,0,completed,GBP
16945,UCI Customer 16945,2010-12-16T17:49:00+00:00,JUMBO  BAG BAROQUE BLACK WHITE,uci-16945-543374,2011-02-07T15:05:00+00:00,319.35,319.35,0,completed,GBP
16945,UCI Customer 16945,2010-12-16T17:49:00+00:00,JUMBO  BAG BAROQUE BLACK WHITE,uci-16945-546119,2011-03-09T14:22:00+00:00,308.98,308.98,0,completed,GBP
16945,UCI Customer 16945,2010-12-16T17:49:00+00:00,JUMBO  BAG BAROQUE BLACK WHITE,uci-16945-546120,2011-03-09T14:23:00+00:00,79.92,79.92,0,completed,GBP
16945,UCI Customer 16945,2010-12-16T17:49:00+00:00,JUMBO  BAG BAROQUE BLACK WHITE,uci-16945-548199,2011-03-29T16:12:00+00:00,287.04,287.04,0,completed,GBP
16945,UCI Customer 16945,2010-12-16T17:49:00+00:00,JUMBO  BAG BAROQUE BLACK WHITE,uci-16945-554085,2011-05-22T11:53:00+00:00,182.60,182.60,0,completed,GBP
16945,UCI Customer 16945,2010-12-16T17:49:00+00:00,JUMBO  BAG BAROQUE BLACK WHITE,uci-16945-554086,2011-05-22T11:54:00+00:00,134.50,134.50,0,completed,GBP
16945,UCI Customer 16945,2010-12-16T17:49:00+00:00,JUMBO  BAG BAROQUE BLACK WHITE,uci-16945-558260,2011-06-28T08:38:00+00:00,310.00,310.00,0,completed,GBP
16945,UCI Customer 16945,2010-12-16T17:49:00+00:00,JUMBO  BAG BAROQUE BLACK WHITE,uci-16945-558261,2011-06-28T08:39:00+00:00,10.08,10.08,0,completed,GBP
16945,UCI Customer 16945,2010-12-16T17:49:00+00:00,JUMBO  BAG BAROQUE BLACK WHITE,uci-16945-561750,2011-07-29T12:18:00+00:00,308.71,308.71,0,completed,GBP
16945,UCI Customer 16945,2010-12-16T17:49:00+00:00,JUMBO  BAG BAROQUE BLACK WHITE,uci-16945-563615,2011-08-18T09:01:00+00:00,302.74,302.74,0,completed,GBP
16945,UCI Customer 16945,2010-12-16T17:49:00+00:00,JUMBO  BAG BAROQUE BLACK WHITE,uci-16945-565238,2011-09-02T09:48:00+00:00,301.85,301.85,0,completed,GBP
16945,UCI Customer 16945,2010-12-16T17:49:00+00:00,JUMBO  BAG BAROQUE BLACK WHITE,uci-16945-566915,2011-09-15T14:22:00+00:00,285.48,285.48,0,completed,GBP
16945,UCI Customer 16945,2010-12-16T17:49:00+00:00,JUMBO  BAG BAROQUE BLACK WHITE,uci-16945-570864,2011-10-12T15:41:00+00:00,294.22,294.22,0,completed,GBP
16945,UCI Customer 16945,2010-12-16T17:49:00+00:00,JUMBO  BAG BAROQUE BLACK WHITE,uci-16945-570865,2011-10-12T15:42:00+00:00,46.80,46.80,0,completed,GBP
16945,UCI Customer 16945,2010-12-16T17:49:00+00:00,JUMBO  BAG BAROQUE BLACK WHITE,uci-16945-575053,2011-11-08T12:18:00+00:00,56.60,56.60,0,completed,GBP
16945,UCI Customer 16945,2010-12-16T17:49:00+00:00,JUMBO  BAG BAROQUE BLACK WHITE,uci-16945-575054,2011-11-08T12:18:00+00:00,350.64,350.64,0,completed,GBP
16945,UCI Customer 16945,2010-12-16T17:49:00+00:00,JUMBO  BAG BAROQUE BLACK WHITE,uci-16945-577182,2011-11-18T11:39:00+00:00,304.70,304.70,0,completed,GBP
12474,UCI Customer 12474,2010-12-06T12:00:00+00:00,POSTAGE,uci-12474-C537333,2010-12-06T12:00:00+00:00,0,34.0,34.0,refunded,GBP
12474,UCI Customer 12474,2010-12-06T12:00:00+00:00,POSTAGE,uci-12474-541125,2011-01-14T10:06:00+00:00,47.50,47.50,0,completed,GBP
12474,UCI Customer 12474,2010-12-06T12:00:00+00:00,POSTAGE,uci-12474-541224,2011-01-14T14:45:00+00:00,201.90,201.90,0,completed,GBP
12474,UCI Customer 12474,2010-12-06T12:00:00+00:00,POSTAGE,uci-12474-542229,2011-01-26T13:38:00+00:00,350.40,350.40,0,completed,GBP
12474,UCI Customer 12474,2010-12-06T12:00:00+00:00,POSTAGE,uci-12474-C543431,2011-02-08T11:37:00+00:00,0,9.25,9.25,refunded,GBP
12474,UCI Customer 12474,2010-12-06T12:00:00+00:00,POSTAGE,uci-12474-544996,2011-02-25T11:53:00+00:00,287.58,287.58,0,completed,GBP
12474,UCI Customer 12474,2010-12-06T12:00:00+00:00,POSTAGE,uci-12474-547005,2011-03-18T14:20:00+00:00,806.47,806.47,0,completed,GBP
12474,UCI Customer 12474,2010-12-06T12:00:00+00:00,POSTAGE,uci-12474-C547581,2011-03-24T10:58:00+00:00,0,18.90,18.90,refunded,GBP
12474,UCI Customer 12474,2010-12-06T12:00:00+00:00,POSTAGE,uci-12474-C547582,2011-03-24T11:06:00+00:00,0,11.25,11.25,refunded,GBP
12474,UCI Customer 12474,2010-12-06T12:00:00+00:00,POSTAGE,uci-12474-547934,2011-03-28T14:07:00+00:00,257.20,257.20,0,completed,GBP
12474,UCI Customer 12474,2010-12-06T12:00:00+00:00,POSTAGE,uci-12474-C549019,2011-04-05T15:22:00+00:00,0,21.55,21.55,refunded,GBP
12474,UCI Customer 12474,2010-12-06T12:00:00+00:00,POSTAGE,uci-12474-553547,2011-05-17T15:48:00+00:00,760.28,760.28,0,completed,GBP
12474,UCI Customer 12474,2010-12-06T12:00:00+00:00,POSTAGE,uci-12474-554263,2011-05-23T12:32:00+00:00,7.80,7.80,0,completed,GBP
12474,UCI Customer 12474,2010-12-06T12:00:00+00:00,POSTAGE,uci-12474-C554266,2011-05-23T12:48:00+00:00,0,22.76,22.76,refunded,GBP
12474,UCI Customer 12474,2010-12-06T12:00:00+00:00,POSTAGE,uci-12474-C554336,2011-05-23T17:20:00+00:00,0,13.01,13.01,refunded,GBP
12474,UCI Customer 12474,2010-12-06T12:00:00+00:00,POSTAGE,uci-12474-557569,2011-06-21T10:46:00+00:00,427.76,427.76,0,completed,GBP
12474,UCI Customer 12474,2010-12-06T12:00:00+00:00,POSTAGE,uci-12474-558109,2011-06-26T15:36:00+00:00,44.25,44.25,0,completed,GBP
12474,UCI Customer 12474,2010-12-06T12:00:00+00:00,POSTAGE,uci-12474-559710,2011-07-12T10:25:00+00:00,191.60,191.60,0,completed,GBP
12474,UCI Customer 12474,2010-12-06T12:00:00+00:00,POSTAGE,uci-12474-561094,2011-07-25T10:04:00+00:00,513.64,513.64,0,completed,GBP
12474,UCI Customer 12474,2010-12-06T12:00:00+00:00,POSTAGE,uci-12474-C565085,2011-09-01T09:40:00+00:00,0,17.90,17.90,refunded,GBP
12474,UCI Customer 12474,2010-12-06T12:00:00+00:00,POSTAGE,uci-12474-565261,2011-09-02T10:53:00+00:00,465.68,465.68,0,completed,GBP
12474,UCI Customer 12474,2010-12-06T12:00:00+00:00,POSTAGE,uci-12474-C567519,2011-09-20T16:30:00+00:00,0,10.20,10.20,refunded,GBP
12474,UCI Customer 12474,2010-12-06T12:00:00+00:00,POSTAGE,uci-12474-570640,2011-10-11T12:38:00+00:00,522.36,522.36,0,completed,GBP
12474,UCI Customer 12474,2010-12-06T12:00:00+00:00,POSTAGE,uci-12474-571312,2011-10-17T10:42:00+00:00,572.23,572.23,0,completed,GBP
12474,UCI Customer 12474,2010-12-06T12:00:00+00:00,POSTAGE,uci-12474-572061,2011-10-20T12:53:00+00:00,740.41,740.41,0,completed,GBP
12474,UCI Customer 12474,2010-12-06T12:00:00+00:00,POSTAGE,uci-12474-C572488,2011-10-24T13:57:00+00:00,0,38.45,38.45,refunded,GBP
12474,UCI Customer 12474,2010-12-06T12:00:00+00:00,POSTAGE,uci-12474-C574061,2011-11-02T14:18:00+00:00,0,51.00,51.00,refunded,GBP
12474,UCI Customer 12474,2010-12-06T12:00:00+00:00,POSTAGE,uci-12474-576607,2011-11-15T15:42:00+00:00,762.56,762.56,0,completed,GBP
12474,UCI Customer 12474,2010-12-06T12:00:00+00:00,POSTAGE,uci-12474-C576974,2011-11-17T11:52:00+00:00,0,11.05,11.05,refunded,GBP
12474,UCI Customer 12474,2010-12-06T12:00:00+00:00,POSTAGE,uci-12474-578043,2011-11-22T14:39:00+00:00,416.17,416.17,0,completed,GBP
15465,UCI Customer 15465,2010-12-05T10:12:00+00:00,REGENCY CAKESTAND 3 TIER,uci-15465-537038,2010-12-05T10:12:00+00:00,535.75,535.75,0,completed,GBP
15465,UCI Customer 15465,2010-12-05T10:12:00+00:00,REGENCY CAKESTAND 3 TIER,uci-15465-538996,2010-12-15T12:06:00+00:00,332.10,332.10,0,completed,GBP
15465,UCI Customer 15465,2010-12-05T10:12:00+00:00,REGENCY CAKESTAND 3 TIER,uci-15465-540500,2011-01-09T10:26:00+00:00,390.30,390.30,0,completed,GBP
15465,UCI Customer 15465,2010-12-05T10:12:00+00:00,REGENCY CAKESTAND 3 TIER,uci-15465-541836,2011-01-23T10:29:00+00:00,394.05,394.05,0,completed,GBP
15465,UCI Customer 15465,2010-12-05T10:12:00+00:00,REGENCY CAKESTAND 3 TIER,uci-15465-543797,2011-02-13T10:24:00+00:00,278.65,278.65,0,completed,GBP
15465,UCI Customer 15465,2010-12-05T10:12:00+00:00,REGENCY CAKESTAND 3 TIER,uci-15465-544440,2011-02-20T10:28:00+00:00,645.56,645.56,0,completed,GBP
15465,UCI Customer 15465,2010-12-05T10:12:00+00:00,REGENCY CAKESTAND 3 TIER,uci-15465-C544442,2011-02-20T10:30:00+00:00,0,32.85,32.85,refunded,GBP
15465,UCI Customer 15465,2010-12-05T10:12:00+00:00,REGENCY CAKESTAND 3 TIER,uci-15465-545670,2011-03-06T10:07:00+00:00,292.75,292.75,0,completed,GBP
15465,UCI Customer 15465,2010-12-05T10:12:00+00:00,REGENCY CAKESTAND 3 TIER,uci-15465-C545671,2011-03-06T10:08:00+00:00,0,76.65,76.65,refunded,GBP
15465,UCI Customer 15465,2010-12-05T10:12:00+00:00,REGENCY CAKESTAND 3 TIER,uci-15465-547029,2011-03-20T10:17:00+00:00,405.00,405.00,0,completed,GBP
15465,UCI Customer 15465,2010-12-05T10:12:00+00:00,REGENCY CAKESTAND 3 TIER,uci-15465-C547031,2011-03-20T10:17:00+00:00,0,87.60,87.60,refunded,GBP
15465,UCI Customer 15465,2010-12-05T10:12:00+00:00,REGENCY CAKESTAND 3 TIER,uci-15465-547835,2011-03-27T10:18:00+00:00,485.45,485.45,0,completed,GBP
15465,UCI Customer 15465,2010-12-05T10:12:00+00:00,REGENCY CAKESTAND 3 TIER,uci-15465-C547836,2011-03-27T10:19:00+00:00,0,98.55,98.55,refunded,GBP
15465,UCI Customer 15465,2010-12-05T10:12:00+00:00,REGENCY CAKESTAND 3 TIER,uci-15465-549539,2011-04-10T10:10:00+00:00,292.80,292.80,0,completed,GBP
15465,UCI Customer 15465,2010-12-05T10:12:00+00:00,REGENCY CAKESTAND 3 TIER,uci-15465-549936,2011-04-13T11:29:00+00:00,514.05,514.05,0,completed,GBP
15465,UCI Customer 15465,2010-12-05T10:12:00+00:00,REGENCY CAKESTAND 3 TIER,uci-15465-C550751,2011-04-20T11:48:00+00:00,0,25.50,25.50,refunded,GBP
15465,UCI Customer 15465,2010-12-05T10:12:00+00:00,REGENCY CAKESTAND 3 TIER,uci-15465-550754,2011-04-20T11:57:00+00:00,597.00,597.00,0,completed,GBP
15465,UCI Customer 15465,2010-12-05T10:12:00+00:00,REGENCY CAKESTAND 3 TIER,uci-15465-556466,2011-06-12T11:07:00+00:00,189.05,189.05,0,completed,GBP
15465,UCI Customer 15465,2010-12-05T10:12:00+00:00,REGENCY CAKESTAND 3 TIER,uci-15465-558747,2011-07-03T10:11:00+00:00,318.91,318.91,0,completed,GBP
15465,UCI Customer 15465,2010-12-05T10:12:00+00:00,REGENCY CAKESTAND 3 TIER,uci-15465-561021,2011-07-24T10:03:00+00:00,320.71,320.71,0,completed,GBP
15465,UCI Customer 15465,2010-12-05T10:12:00+00:00,REGENCY CAKESTAND 3 TIER,uci-15465-567159,2011-09-18T10:19:00+00:00,426.95,426.95,0,completed,GBP
15465,UCI Customer 15465,2010-12-05T10:12:00+00:00,REGENCY CAKESTAND 3 TIER,uci-15465-C567347,2011-09-19T15:54:00+00:00,0,88.45,88.45,refunded,GBP
15465,UCI Customer 15465,2010-12-05T10:12:00+00:00,REGENCY CAKESTAND 3 TIER,uci-15465-570206,2011-10-09T10:13:00+00:00,149.10,149.10,0,completed,GBP
15465,UCI Customer 15465,2010-12-05T10:12:00+00:00,REGENCY CAKESTAND 3 TIER,uci-15465-577402,2011-11-20T10:11:00+00:00,786.44,786.44,0,completed,GBP
12540,UCI Customer 12540,2010-12-13T09:39:00+00:00,POSTAGE,uci-12540-538525,2010-12-13T09:39:00+00:00,881.01,881.01,0,completed,GBP
12540,UCI Customer 12540,2010-12-13T09:39:00+00:00,POSTAGE,uci-12540-540801,2011-01-11T12:25:00+00:00,1147.18,1147.18,0,completed,GBP
12540,UCI Customer 12540,2010-12-13T09:39:00+00:00,POSTAGE,uci-12540-C541654,2011-01-20T11:53:00+00:00,0,65.70,65.70,refunded,GBP
12540,UCI Customer 12540,2010-12-13T09:39:00+00:00,POSTAGE,uci-12540-542905,2011-02-01T15:11:00+00:00,288.98,288.98,0,completed,GBP
12540,UCI Customer 12540,2010-12-13T09:39:00+00:00,POSTAGE,uci-12540-547703,2011-03-24T17:10:00+00:00,1140.76,1140.76,0,completed,GBP
12540,UCI Customer 12540,2010-12-13T09:39:00+00:00,POSTAGE,uci-12540-551868,2011-05-04T16:29:00+00:00,1380.11,1380.11,0,completed,GBP
12540,UCI Customer 12540,2010-12-13T09:39:00+00:00,POSTAGE,uci-12540-555095,2011-05-31T13:32:00+00:00,1306.49,1306.49,0,completed,GBP
12540,UCI Customer 12540,2010-12-13T09:39:00+00:00,POSTAGE,uci-12540-555726,2011-06-06T16:23:00+00:00,357.99,357.99,0,completed,GBP
12540,UCI Customer 12540,2010-12-13T09:39:00+00:00,POSTAGE,uci-12540-559173,2011-07-07T10:03:00+00:00,416.62,416.62,0,completed,GBP
12540,UCI Customer 12540,2010-12-13T09:39:00+00:00,POSTAGE,uci-12540-561093,2011-07-25T10:01:00+00:00,1358.39,1358.39,0,completed,GBP
12540,UCI Customer 12540,2010-12-13T09:39:00+00:00,POSTAGE,uci-12540-564201,2011-08-24T08:09:00+00:00,509.34,509.34,0,completed,GBP
12540,UCI Customer 12540,2010-12-13T09:39:00+00:00,POSTAGE,uci-12540-566040,2011-09-08T13:38:00+00:00,459.99,459.99,0,completed,GBP
12540,UCI Customer 12540,2010-12-13T09:39:00+00:00,POSTAGE,uci-12540-567340,2011-09-19T15:02:00+00:00,971.65,971.65,0,completed,GBP
12540,UCI Customer 12540,2010-12-13T09:39:00+00:00,POSTAGE,uci-12540-C567521,2011-09-20T16:33:00+00:00,0,25.50,25.50,refunded,GBP
12540,UCI Customer 12540,2010-12-13T09:39:00+00:00,POSTAGE,uci-12540-568001,2011-09-23T11:35:00+00:00,277.48,277.48,0,completed,GBP
12540,UCI Customer 12540,2010-12-13T09:39:00+00:00,POSTAGE,uci-12540-569998,2011-10-07T08:12:00+00:00,422.80,422.80,0,completed,GBP
12540,UCI Customer 12540,2010-12-13T09:39:00+00:00,POSTAGE,uci-12540-571665,2011-10-18T12:59:00+00:00,1019.47,1019.47,0,completed,GBP
12540,UCI Customer 12540,2010-12-13T09:39:00+00:00,POSTAGE,uci-12540-575144,2011-11-08T15:38:00+00:00,573.71,573.71,0,completed,GBP
12540,UCI Customer 12540,2010-12-13T09:39:00+00:00,POSTAGE,uci-12540-577476,2011-11-20T11:31:00+00:00,888.27,888.27,0,completed,GBP
14057,UCI Customer 14057,2010-12-14T12:11:00+00:00,LUNCH BOX I LOVE LONDON,uci-14057-538808,2010-12-14T12:11:00+00:00,632.52,632.52,0,completed,GBP
14057,UCI Customer 14057,2010-12-14T12:11:00+00:00,LUNCH BOX I LOVE LONDON,uci-14057-538856,2010-12-14T13:51:00+00:00,293.40,293.40,0,completed,GBP
14057,UCI Customer 14057,2010-12-14T12:11:00+00:00,LUNCH BOX I LOVE LONDON,uci-14057-544368,2011-02-18T11:27:00+00:00,623.78,623.78,0,completed,GBP
14057,UCI Customer 14057,2010-12-14T12:11:00+00:00,LUNCH BOX I LOVE LONDON,uci-14057-545544,2011-03-03T14:56:00+00:00,294.33,294.33,0,completed,GBP
14057,UCI Customer 14057,2010-12-14T12:11:00+00:00,LUNCH BOX I LOVE LONDON,uci-14057-545656,2011-03-04T13:58:00+00:00,99.00,99.00,0,completed,GBP
14057,UCI Customer 14057,2010-12-14T12:11:00+00:00,LUNCH BOX I LOVE LONDON,uci-14057-C546217,2011-03-10T12:04:00+00:00,0,70.56,70.56,refunded,GBP
14057,UCI Customer 14057,2010-12-14T12:11:00+00:00,LUNCH BOX I LOVE LONDON,uci-14057-549993,2011-04-14T08:26:00+00:00,349.44,349.44,0,completed,GBP
14057,UCI Customer 14057,2010-12-14T12:11:00+00:00,LUNCH BOX I LOVE LONDON,uci-14057-549994,2011-04-14T08:27:00+00:00,41.60,41.60,0,completed,GBP
14057,UCI Customer 14057,2010-12-14T12:11:00+00:00,LUNCH BOX I LOVE LONDON,uci-14057-554513,2011-05-24T15:56:00+00:00,342.46,342.46,0,completed,GBP
14057,UCI Customer 14057,2010-12-14T12:11:00+00:00,LUNCH BOX I LOVE LONDON,uci-14057-558564,2011-06-30T13:45:00+00:00,482.60,482.60,0,completed,GBP
14057,UCI Customer 14057,2010-12-14T12:11:00+00:00,LUNCH BOX I LOVE LONDON,uci-14057-561071,2011-07-24T15:39:00+00:00,440.26,440.26,0,completed,GBP
14057,UCI Customer 14057,2010-12-14T12:11:00+00:00,LUNCH BOX I LOVE LONDON,uci-14057-563434,2011-08-16T12:21:00+00:00,520.93,520.93,0,completed,GBP
14057,UCI Customer 14057,2010-12-14T12:11:00+00:00,LUNCH BOX I LOVE LONDON,uci-14057-564017,2011-08-22T11:44:00+00:00,305.02,305.02,0,completed,GBP
14057,UCI Customer 14057,2010-12-14T12:11:00+00:00,LUNCH BOX I LOVE LONDON,uci-14057-564859,2011-08-31T09:55:00+00:00,386.64,386.64,0,completed,GBP
14057,UCI Customer 14057,2010-12-14T12:11:00+00:00,LUNCH BOX I LOVE LONDON,uci-14057-566286,2011-09-11T14:58:00+00:00,331.56,331.56,0,completed,GBP
14057,UCI Customer 14057,2010-12-14T12:11:00+00:00,LUNCH BOX I LOVE LONDON,uci-14057-569483,2011-10-04T12:45:00+00:00,390.26,390.26,0,completed,GBP
14057,UCI Customer 14057,2010-12-14T12:11:00+00:00,LUNCH BOX I LOVE LONDON,uci-14057-569484,2011-10-04T12:46:00+00:00,45.00,45.00,0,completed,GBP
14057,UCI Customer 14057,2010-12-14T12:11:00+00:00,LUNCH BOX I LOVE LONDON,uci-14057-576648,2011-11-16T10:32:00+00:00,639.16,639.16,0,completed,GBP
15044,UCI Customer 15044,2010-12-12T14:27:00+00:00,REGENCY CAKESTAND 3 TIER,uci-15044-538514,2010-12-12T14:27:00+00:00,835.95,835.95,0,completed,GBP
15044,UCI Customer 15044,2010-12-12T14:27:00+00:00,REGENCY CAKESTAND 3 TIER,uci-15044-C539467,2010-12-19T12:46:00+00:00,0,12.65,12.65,refunded,GBP
15044,UCI Customer 15044,2010-12-12T14:27:00+00:00,REGENCY CAKESTAND 3 TIER,uci-15044-539468,2010-12-19T13:31:00+00:00,663.80,663.80,0,completed,GBP
15044,UCI Customer 15044,2010-12-12T14:27:00+00:00,REGENCY CAKESTAND 3 TIER,uci-15044-539826,2010-12-22T12:39:00+00:00,615.60,615.60,0,completed,GBP
15044,UCI Customer 15044,2010-12-12T14:27:00+00:00,REGENCY CAKESTAND 3 TIER,uci-15044-C539827,2010-12-22T12:43:00+00:00,0,2.1,2.1,refunded,GBP
15044,UCI Customer 15044,2010-12-12T14:27:00+00:00,REGENCY CAKESTAND 3 TIER,uci-15044-539828,2010-12-22T12:44:00+00:00,23.80,23.80,0,completed,GBP
15044,UCI Customer 15044,2010-12-12T14:27:00+00:00,REGENCY CAKESTAND 3 TIER,uci-15044-540664,2011-01-10T15:18:00+00:00,263.00,263.00,0,completed,GBP
15044,UCI Customer 15044,2010-12-12T14:27:00+00:00,REGENCY CAKESTAND 3 TIER,uci-15044-C543706,2011-02-11T11:44:00+00:00,0,12.75,12.75,refunded,GBP
15044,UCI Customer 15044,2010-12-12T14:27:00+00:00,REGENCY CAKESTAND 3 TIER,uci-15044-543736,2011-02-11T12:36:00+00:00,610.55,610.55,0,completed,GBP
15044,UCI Customer 15044,2010-12-12T14:27:00+00:00,REGENCY CAKESTAND 3 TIER,uci-15044-544305,2011-02-17T13:54:00+00:00,205.50,205.50,0,completed,GBP
15044,UCI Customer 15044,2010-12-12T14:27:00+00:00,REGENCY CAKESTAND 3 TIER,uci-15044-547334,2011-03-22T11:43:00+00:00,346.70,346.70,0,completed,GBP
15044,UCI Customer 15044,2010-12-12T14:27:00+00:00,REGENCY CAKESTAND 3 TIER,uci-15044-C547342,2011-03-22T11:54:00+00:00,0,33.40,33.40,refunded,GBP
15044,UCI Customer 15044,2010-12-12T14:27:00+00:00,REGENCY CAKESTAND 3 TIER,uci-15044-549826,2011-04-12T12:53:00+00:00,440.50,440.50,0,completed,GBP
15044,UCI Customer 15044,2010-12-12T14:27:00+00:00,REGENCY CAKESTAND 3 TIER,uci-15044-549828,2011-04-12T12:56:00+00:00,25.08,25.08,0,completed,GBP
15044,UCI Customer 15044,2010-12-12T14:27:00+00:00,REGENCY CAKESTAND 3 TIER,uci-15044-553369,2011-05-16T14:30:00+00:00,474.85,474.85,0,completed,GBP
15044,UCI Customer 15044,2010-12-12T14:27:00+00:00,REGENCY CAKESTAND 3 TIER,uci-15044-557013,2011-06-16T12:05:00+00:00,542.74,542.74,0,completed,GBP
15044,UCI Customer 15044,2010-12-12T14:27:00+00:00,REGENCY CAKESTAND 3 TIER,uci-15044-561329,2011-07-26T13:57:00+00:00,154.21,154.21,0,completed,GBP
15044,UCI Customer 15044,2010-12-12T14:27:00+00:00,REGENCY CAKESTAND 3 TIER,uci-15044-568147,2011-09-25T11:34:00+00:00,347.85,347.85,0,completed,GBP
15044,UCI Customer 15044,2010-12-12T14:27:00+00:00,REGENCY CAKESTAND 3 TIER,uci-15044-C569526,2011-10-04T14:51:00+00:00,0,9.95,9.95,refunded,GBP
15044,UCI Customer 15044,2010-12-12T14:27:00+00:00,REGENCY CAKESTAND 3 TIER,uci-15044-569535,2011-10-04T15:41:00+00:00,444.71,444.71,0,completed,GBP
15044,UCI Customer 15044,2010-12-12T14:27:00+00:00,REGENCY CAKESTAND 3 TIER,uci-15044-573551,2011-10-31T13:35:00+00:00,838.42,838.42,0,completed,GBP
15044,UCI Customer 15044,2010-12-12T14:27:00+00:00,REGENCY CAKESTAND 3 TIER,uci-15044-577519,2011-11-20T13:20:00+00:00,866.97,866.97,0,completed,GBP
15805,UCI Customer 15805,2010-12-10T09:33:00+00:00,PAPER CHAIN KIT RETROSPOT,uci-15805-538172,2010-12-10T09:33:00+00:00,370.80,370.80,0,completed,GBP
15805,UCI Customer 15805,2010-12-10T09:33:00+00:00,PAPER CHAIN KIT RETROSPOT,uci-15805-544894,2011-02-24T12:09:00+00:00,553.76,553.76,0,completed,GBP
15805,UCI Customer 15805,2010-12-10T09:33:00+00:00,PAPER CHAIN KIT RETROSPOT,uci-15805-550775,2011-04-20T13:18:00+00:00,1052.56,1052.56,0,completed,GBP
15805,UCI Customer 15805,2010-12-10T09:33:00+00:00,PAPER CHAIN KIT RETROSPOT,uci-15805-550776,2011-04-20T13:19:00+00:00,140.85,140.85,0,completed,GBP
15805,UCI Customer 15805,2010-12-10T09:33:00+00:00,PAPER CHAIN KIT RETROSPOT,uci-15805-C551178,2011-04-26T17:26:00+00:00,0,23.05,23.05,refunded,GBP
15805,UCI Customer 15805,2010-12-10T09:33:00+00:00,PAPER CHAIN KIT RETROSPOT,uci-15805-554702,2011-05-26T09:45:00+00:00,385.81,385.81,0,completed,GBP
15805,UCI Customer 15805,2010-12-10T09:33:00+00:00,PAPER CHAIN KIT RETROSPOT,uci-15805-555627,2011-06-06T11:57:00+00:00,130.44,130.44,0,completed,GBP
15805,UCI Customer 15805,2010-12-10T09:33:00+00:00,PAPER CHAIN KIT RETROSPOT,uci-15805-555840,2011-06-07T12:46:00+00:00,70.20,70.20,0,completed,GBP
15805,UCI Customer 15805,2010-12-10T09:33:00+00:00,PAPER CHAIN KIT RETROSPOT,uci-15805-557226,2011-06-17T13:39:00+00:00,252.63,252.63,0,completed,GBP
15805,UCI Customer 15805,2010-12-10T09:33:00+00:00,PAPER CHAIN KIT RETROSPOT,uci-15805-557227,2011-06-17T13:40:00+00:00,23.00,23.00,0,completed,GBP
15805,UCI Customer 15805,2010-12-10T09:33:00+00:00,PAPER CHAIN KIT RETROSPOT,uci-15805-557228,2011-06-17T13:42:00+00:00,17.70,17.70,0,completed,GBP
15805,UCI Customer 15805,2010-12-10T09:33:00+00:00,PAPER CHAIN KIT RETROSPOT,uci-15805-C558436,2011-06-29T12:45:00+00:00,0,23.40,23.40,refunded,GBP
15805,UCI Customer 15805,2010-12-10T09:33:00+00:00,PAPER CHAIN KIT RETROSPOT,uci-15805-564526,2011-08-25T14:50:00+00:00,570.25,570.25,0,completed,GBP
15805,UCI Customer 15805,2010-12-10T09:33:00+00:00,PAPER CHAIN KIT RETROSPOT,uci-15805-569825,2011-10-06T12:23:00+00:00,270.25,270.25,0,completed,GBP
15805,UCI Customer 15805,2010-12-10T09:33:00+00:00,PAPER CHAIN KIT RETROSPOT,uci-15805-572652,2011-10-25T12:11:00+00:00,1062.43,1062.43,0,completed,GBP
15805,UCI Customer 15805,2010-12-10T09:33:00+00:00,PAPER CHAIN KIT RETROSPOT,uci-15805-572654,2011-10-25T12:12:00+00:00,45.48,45.48,0,completed,GBP
15805,UCI Customer 15805,2010-12-10T09:33:00+00:00,PAPER CHAIN KIT RETROSPOT,uci-15805-574041,2011-11-02T13:05:00+00:00,19.92,19.92,0,completed,GBP
15805,UCI Customer 15805,2010-12-10T09:33:00+00:00,PAPER CHAIN KIT RETROSPOT,uci-15805-574948,2011-11-08T09:07:00+00:00,192.00,192.00,0,completed,GBP
15805,UCI Customer 15805,2010-12-10T09:33:00+00:00,PAPER CHAIN KIT RETROSPOT,uci-15805-C575616,2011-11-10T12:51:00+00:00,0,29.86,29.86,refunded,GBP
15805,UCI Customer 15805,2010-12-10T09:33:00+00:00,PAPER CHAIN KIT RETROSPOT,uci-15805-576875,2011-11-16T16:32:00+00:00,370.40,370.40,0,completed,GBP
14680,UCI Customer 14680,2010-12-03T12:05:00+00:00,CHILLI LIGHTS,uci-14680-536938,2010-12-03T12:05:00+00:00,1680.88,1680.88,0,completed,GBP
14680,UCI Customer 14680,2010-12-03T12:05:00+00:00,CHILLI LIGHTS,uci-14680-C538833,2010-12-14T13:05:00+00:00,0,40.20,40.20,refunded,GBP
14680,UCI Customer 14680,2010-12-03T12:05:00+00:00,CHILLI LIGHTS,uci-14680-538844,2010-12-14T13:19:00+00:00,1194.52,1194.52,0,completed,GBP
14680,UCI Customer 14680,2010-12-03T12:05:00+00:00,CHILLI LIGHTS,uci-14680-C540270,2011-01-06T11:40:00+00:00,0,39.40,39.40,refunded,GBP
14680,UCI Customer 14680,2010-12-03T12:05:00+00:00,CHILLI LIGHTS,uci-14680-540276,2011-01-06T12:16:00+00:00,1520.11,1520.11,0,completed,GBP
14680,UCI Customer 14680,2010-12-03T12:05:00+00:00,CHILLI LIGHTS,uci-14680-C542060,2011-01-25T12:01:00+00:00,0,55.38,55.38,refunded,GBP
14680,UCI Customer 14680,2010-12-03T12:05:00+00:00,CHILLI LIGHTS,uci-14680-542084,2011-01-25T12:31:00+00:00,1081.30,1081.30,0,completed,GBP
14680,UCI Customer 14680,2010-12-03T12:05:00+00:00,CHILLI LIGHTS,uci-14680-544392,2011-02-18T11:54:00+00:00,2807.31,2807.31,0,completed,GBP
14680,UCI Customer 14680,2010-12-03T12:05:00+00:00,CHILLI LIGHTS,uci-14680-548169,2011-03-29T13:48:00+00:00,2106.46,2106.46,0,completed,GBP
14680,UCI Customer 14680,2010-12-03T12:05:00+00:00,CHILLI LIGHTS,uci-14680-C548193,2011-03-29T15:27:00+00:00,0,22.95,22.95,refunded,GBP
14680,UCI Customer 14680,2010-12-03T12:05:00+00:00,CHILLI LIGHTS,uci-14680-548643,2011-04-01T13:01:00+00:00,72.00,72.00,0,completed,GBP
14680,UCI Customer 14680,2010-12-03T12:05:00+00:00,CHILLI LIGHTS,uci-14680-552572,2011-05-10T12:11:00+00:00,2944.70,2944.70,0,completed,GBP
14680,UCI Customer 14680,2010-12-03T12:05:00+00:00,CHILLI LIGHTS,uci-14680-554640,2011-05-25T12:06:00+00:00,1126.60,1126.60,0,completed,GBP
14680,UCI Customer 14680,2010-12-03T12:05:00+00:00,CHILLI LIGHTS,uci-14680-556714,2011-06-14T10:49:00+00:00,976.25,976.25,0,completed,GBP
14680,UCI Customer 14680,2010-12-03T12:05:00+00:00,CHILLI LIGHTS,uci-14680-C559461,2011-07-08T13:04:00+00:00,0,41.77,41.77,refunded,GBP
14680,UCI Customer 14680,2010-12-03T12:05:00+00:00,CHILLI LIGHTS,uci-14680-559465,2011-07-08T13:26:00+00:00,3609.80,3609.80,0,completed,GBP
14680,UCI Customer 14680,2010-12-03T12:05:00+00:00,CHILLI LIGHTS,uci-14680-561474,2011-07-27T13:18:00+00:00,2688.27,2688.27,0,completed,GBP
14680,UCI Customer 14680,2010-12-03T12:05:00+00:00,CHILLI LIGHTS,uci-14680-562850,2011-08-10T10:08:00+00:00,2388.20,2388.20,0,completed,GBP
14680,UCI Customer 14680,2010-12-03T12:05:00+00:00,CHILLI LIGHTS,uci-14680-565631,2011-09-05T15:49:00+00:00,1226.16,1226.16,0,completed,GBP
14680,UCI Customer 14680,2010-12-03T12:05:00+00:00,CHILLI LIGHTS,uci-14680-568877,2011-09-29T12:31:00+00:00,2163.95,2163.95,0,completed,GBP
14680,UCI Customer 14680,2010-12-03T12:05:00+00:00,CHILLI LIGHTS,uci-14680-C568879,2011-09-29T12:38:00+00:00,0,1146.07,1146.07,refunded,GBP
14680,UCI Customer 14680,2010-12-03T12:05:00+00:00,CHILLI LIGHTS,uci-14680-C568884,2011-09-29T12:49:00+00:00,0,476.00,476.00,refunded,GBP
14680,UCI Customer 14680,2010-12-03T12:05:00+00:00,CHILLI LIGHTS,uci-14680-576359,2011-11-14T16:59:00+00:00,1167.60,1167.60,0,completed,GBP
15738,UCI Customer 15738,2010-12-02T12:50:00+00:00,PINK HAPPY BIRTHDAY BUNTING,uci-15738-536733,2010-12-02T12:50:00+00:00,329.65,329.65,0,completed,GBP
15738,UCI Customer 15738,2010-12-02T12:50:00+00:00,PINK HAPPY BIRTHDAY BUNTING,uci-15738-C538066,2010-12-09T13:58:00+00:00,0,2.95,2.95,refunded,GBP
15738,UCI Customer 15738,2010-12-02T12:50:00+00:00,PINK HAPPY BIRTHDAY BUNTING,uci-15738-541408,2011-01-17T15:42:00+00:00,316.50,316.50,0,completed,GBP
15738,UCI Customer 15738,2010-12-02T12:50:00+00:00,PINK HAPPY BIRTHDAY BUNTING,uci-15738-542659,2011-01-31T12:09:00+00:00,305.07,305.07,0,completed,GBP
15738,UCI Customer 15738,2010-12-02T12:50:00+00:00,PINK HAPPY BIRTHDAY BUNTING,uci-15738-C543637,2011-02-10T16:35:00+00:00,0,13.20,13.20,refunded,GBP
15738,UCI Customer 15738,2010-12-02T12:50:00+00:00,PINK HAPPY BIRTHDAY BUNTING,uci-15738-545044,2011-02-27T11:31:00+00:00,333.92,333.92,0,completed,GBP
15738,UCI Customer 15738,2010-12-02T12:50:00+00:00,PINK HAPPY BIRTHDAY BUNTING,uci-15738-C546256,2011-03-10T14:56:00+00:00,0,7.50,7.50,refunded,GBP
15738,UCI Customer 15738,2010-12-02T12:50:00+00:00,PINK HAPPY BIRTHDAY BUNTING,uci-15738-546531,2011-03-14T13:35:00+00:00,391.80,391.80,0,completed,GBP
15738,UCI Customer 15738,2010-12-02T12:50:00+00:00,PINK HAPPY BIRTHDAY BUNTING,uci-15738-548172,2011-03-29T14:13:00+00:00,328.15,328.15,0,completed,GBP
15738,UCI Customer 15738,2010-12-02T12:50:00+00:00,PINK HAPPY BIRTHDAY BUNTING,uci-15738-551124,2011-04-26T12:47:00+00:00,291.90,291.90,0,completed,GBP
15738,UCI Customer 15738,2010-12-02T12:50:00+00:00,PINK HAPPY BIRTHDAY BUNTING,uci-15738-553846,2011-05-19T12:40:00+00:00,299.45,299.45,0,completed,GBP
15738,UCI Customer 15738,2010-12-02T12:50:00+00:00,PINK HAPPY BIRTHDAY BUNTING,uci-15738-553847,2011-05-19T12:41:00+00:00,16.60,16.60,0,completed,GBP
15738,UCI Customer 15738,2010-12-02T12:50:00+00:00,PINK HAPPY BIRTHDAY BUNTING,uci-15738-556130,2011-06-09T10:48:00+00:00,316.02,316.02,0,completed,GBP
15738,UCI Customer 15738,2010-12-02T12:50:00+00:00,PINK HAPPY BIRTHDAY BUNTING,uci-15738-559060,2011-07-06T10:00:00+00:00,302.20,302.20,0,completed,GBP
15738,UCI Customer 15738,2010-12-02T12:50:00+00:00,PINK HAPPY BIRTHDAY BUNTING,uci-15738-563941,2011-08-22T09:51:00+00:00,327.15,327.15,0,completed,GBP
15738,UCI Customer 15738,2010-12-02T12:50:00+00:00,PINK HAPPY BIRTHDAY BUNTING,uci-15738-565417,2011-09-04T12:04:00+00:00,295.04,295.04,0,completed,GBP
15738,UCI Customer 15738,2010-12-02T12:50:00+00:00,PINK HAPPY BIRTHDAY BUNTING,uci-15738-570076,2011-10-07T11:17:00+00:00,306.52,306.52,0,completed,GBP
15738,UCI Customer 15738,2010-12-02T12:50:00+00:00,PINK HAPPY BIRTHDAY BUNTING,uci-15738-573126,2011-10-27T16:32:00+00:00,335.55,335.55,0,completed,GBP
15738,UCI Customer 15738,2010-12-02T12:50:00+00:00,PINK HAPPY BIRTHDAY BUNTING,uci-15738-577599,2011-11-21T08:26:00+00:00,316.90,316.90,0,completed,GBP
16843,UCI Customer 16843,2011-01-16T16:10:00+00:00,SET/5 RED RETROSPOT LID GLASS BOWLS,uci-16843-541263,2011-01-16T16:10:00+00:00,759.06,759.06,0,completed,GBP
16843,UCI Customer 16843,2011-01-16T16:10:00+00:00,SET/5 RED RETROSPOT LID GLASS BOWLS,uci-16843-544645,2011-02-22T11:58:00+00:00,1240.40,1240.40,0,completed,GBP
16843,UCI Customer 16843,2011-01-16T16:10:00+00:00,SET/5 RED RETROSPOT LID GLASS BOWLS,uci-16843-C545440,2011-03-02T16:03:00+00:00,0,12.75,12.75,refunded,GBP
16843,UCI Customer 16843,2011-01-16T16:10:00+00:00,SET/5 RED RETROSPOT LID GLASS BOWLS,uci-16843-549755,2011-04-12T11:34:00+00:00,394.56,394.56,0,completed,GBP
16843,UCI Customer 16843,2011-01-16T16:10:00+00:00,SET/5 RED RETROSPOT LID GLASS BOWLS,uci-16843-553707,2011-05-18T15:26:00+00:00,1026.27,1026.27,0,completed,GBP
16843,UCI Customer 16843,2011-01-16T16:10:00+00:00,SET/5 RED RETROSPOT LID GLASS BOWLS,uci-16843-553708,2011-05-18T15:28:00+00:00,112.20,112.20,0,completed,GBP
16843,UCI Customer 16843,2011-01-16T16:10:00+00:00,SET/5 RED RETROSPOT LID GLASS BOWLS,uci-16843-554825,2011-05-26T14:45:00+00:00,309.41,309.41,0,completed,GBP
16843,UCI Customer 16843,2011-01-16T16:10:00+00:00,SET/5 RED RETROSPOT LID GLASS BOWLS,uci-16843-557057,2011-06-16T14:46:00+00:00,1830.72,1830.72,0,completed,GBP
16843,UCI Customer 16843,2011-01-16T16:10:00+00:00,SET/5 RED RETROSPOT LID GLASS BOWLS,uci-16843-557058,2011-06-16T14:47:00+00:00,69.30,69.30,0,completed,GBP
16843,UCI Customer 16843,2011-01-16T16:10:00+00:00,SET/5 RED RETROSPOT LID GLASS BOWLS,uci-16843-559884,2011-07-13T11:34:00+00:00,535.52,535.52,0,completed,GBP
16843,UCI Customer 16843,2011-01-16T16:10:00+00:00,SET/5 RED RETROSPOT LID GLASS BOWLS,uci-16843-559885,2011-07-13T11:35:00+00:00,69.72,69.72,0,completed,GBP
16843,UCI Customer 16843,2011-01-16T16:10:00+00:00,SET/5 RED RETROSPOT LID GLASS BOWLS,uci-16843-561625,2011-07-28T14:03:00+00:00,1024.44,1024.44,0,completed,GBP
16843,UCI Customer 16843,2011-01-16T16:10:00+00:00,SET/5 RED RETROSPOT LID GLASS BOWLS,uci-16843-565460,2011-09-05T09:24:00+00:00,1414.64,1414.64,0,completed,GBP
16843,UCI Customer 16843,2011-01-16T16:10:00+00:00,SET/5 RED RETROSPOT LID GLASS BOWLS,uci-16843-565808,2011-09-07T10:56:00+00:00,23.00,23.00,0,completed,GBP
16843,UCI Customer 16843,2011-01-16T16:10:00+00:00,SET/5 RED RETROSPOT LID GLASS BOWLS,uci-16843-569695,2011-10-05T15:35:00+00:00,993.88,993.88,0,completed,GBP
16843,UCI Customer 16843,2011-01-16T16:10:00+00:00,SET/5 RED RETROSPOT LID GLASS BOWLS,uci-16843-569696,2011-10-05T15:36:00+00:00,15.80,15.80,0,completed,GBP
16843,UCI Customer 16843,2011-01-16T16:10:00+00:00,SET/5 RED RETROSPOT LID GLASS BOWLS,uci-16843-573163,2011-10-28T09:06:00+00:00,377.65,377.65,0,completed,GBP
12748,UCI Customer 12748,2010-12-01T12:48:00+00:00,Manual,uci-12748-578021,2011-11-22T13:22:00+00:00,30.35,30.35,0,completed,GBP
12748,UCI Customer 12748,2010-12-01T12:48:00+00:00,Manual,uci-12748-578147,2011-11-23T11:09:00+00:00,193.51,193.51,0,completed,GBP
12748,UCI Customer 12748,2010-12-01T12:48:00+00:00,Manual,uci-12748-578153,2011-11-23T11:22:00+00:00,193.29,193.29,0,completed,GBP
12748,UCI Customer 12748,2010-12-01T12:48:00+00:00,Manual,uci-12748-578155,2011-11-23T11:32:00+00:00,176.94,176.94,0,completed,GBP
12748,UCI Customer 12748,2010-12-01T12:48:00+00:00,Manual,uci-12748-578211,2011-11-23T11:47:00+00:00,319.71,319.71,0,completed,GBP
12748,UCI Customer 12748,2010-12-01T12:48:00+00:00,Manual,uci-12748-578264,2011-11-23T13:27:00+00:00,123.64,123.64,0,completed,GBP
12748,UCI Customer 12748,2010-12-01T12:48:00+00:00,Manual,uci-12748-578266,2011-11-23T13:34:00+00:00,141.68,141.68,0,completed,GBP
12748,UCI Customer 12748,2010-12-01T12:48:00+00:00,Manual,uci-12748-578267,2011-11-23T13:37:00+00:00,12.75,12.75,0,completed,GBP
12748,UCI Customer 12748,2010-12-01T12:48:00+00:00,Manual,uci-12748-578268,2011-11-23T13:39:00+00:00,5.45,5.45,0,completed,GBP
12748,UCI Customer 12748,2010-12-01T12:48:00+00:00,Manual,uci-12748-578278,2011-11-23T13:51:00+00:00,488.25,488.25,0,completed,GBP
12748,UCI Customer 12748,2010-12-01T12:48:00+00:00,Manual,uci-12748-578285,2011-11-23T13:57:00+00:00,81.06,81.06,0,completed,GBP
12748,UCI Customer 12748,2010-12-01T12:48:00+00:00,Manual,uci-12748-578288,2011-11-23T14:05:00+00:00,49.00,49.00,0,completed,GBP
12748,UCI Customer 12748,2010-12-01T12:48:00+00:00,Manual,uci-12748-578308,2011-11-23T16:09:00+00:00,34.29,34.29,0,completed,GBP
12748,UCI Customer 12748,2010-12-01T12:48:00+00:00,Manual,uci-12748-578400,2011-11-24T11:52:00+00:00,168.13,168.13,0,completed,GBP
12748,UCI Customer 12748,2010-12-01T12:48:00+00:00,Manual,uci-12748-578461,2011-11-24T12:30:00+00:00,193.75,193.75,0,completed,GBP
12748,UCI Customer 12748,2010-12-01T12:48:00+00:00,Manual,uci-12748-578630,2011-11-24T16:06:00+00:00,170.52,170.52,0,completed,GBP
12748,UCI Customer 12748,2010-12-01T12:48:00+00:00,Manual,uci-12748-578757,2011-11-25T11:41:00+00:00,420.41,420.41,0,completed,GBP
12748,UCI Customer 12748,2010-12-01T12:48:00+00:00,Manual,uci-12748-578783,2011-11-25T11:58:00+00:00,364.13,364.13,0,completed,GBP
12748,UCI Customer 12748,2010-12-01T12:48:00+00:00,Manual,uci-12748-578814,2011-11-25T13:40:00+00:00,266.10,266.10,0,completed,GBP
12748,UCI Customer 12748,2010-12-01T12:48:00+00:00,Manual,uci-12748-579188,2011-11-28T15:34:00+00:00,466.72,466.72,0,completed,GBP
12748,UCI Customer 12748,2010-12-01T12:48:00+00:00,Manual,uci-12748-579430,2011-11-29T13:06:00+00:00,198.33,198.33,0,completed,GBP
12748,UCI Customer 12748,2010-12-01T12:48:00+00:00,Manual,uci-12748-579453,2011-11-29T14:03:00+00:00,108.74,108.74,0,completed,GBP
12748,UCI Customer 12748,2010-12-01T12:48:00+00:00,Manual,uci-12748-579517,2011-11-29T18:02:00+00:00,34.12,34.12,0,completed,GBP
12748,UCI Customer 12748,2010-12-01T12:48:00+00:00,Manual,uci-12748-579518,2011-11-29T18:05:00+00:00,78.22,78.22,0,completed,GBP
12748,UCI Customer 12748,2010-12-01T12:48:00+00:00,Manual,uci-12748-C579519,2011-11-29T18:11:00+00:00,0,17.40,17.40,refunded,GBP
12748,UCI Customer 12748,2010-12-01T12:48:00+00:00,Manual,uci-12748-579520,2011-11-29T18:14:00+00:00,186.68,186.68,0,completed,GBP
12748,UCI Customer 12748,2010-12-01T12:48:00+00:00,Manual,uci-12748-C579521,2011-11-29T18:19:00+00:00,0,25.26,25.26,refunded,GBP
12748,UCI Customer 12748,2010-12-01T12:48:00+00:00,Manual,uci-12748-580048,2011-12-01T12:53:00+00:00,139.03,139.03,0,completed,GBP
12748,UCI Customer 12748,2010-12-01T12:48:00+00:00,Manual,uci-12748-580149,2011-12-02T10:15:00+00:00,5.45,5.45,0,completed,GBP
12748,UCI Customer 12748,2010-12-01T12:48:00+00:00,Manual,uci-12748-580460,2011-12-04T12:29:00+00:00,52.09,52.09,0,completed,GBP
12748,UCI Customer 12748,2010-12-01T12:48:00+00:00,Manual,uci-12748-580468,2011-12-04T12:31:00+00:00,118.54,118.54,0,completed,GBP
12748,UCI Customer 12748,2010-12-01T12:48:00+00:00,Manual,uci-12748-580611,2011-12-05T11:49:00+00:00,363.79,363.79,0,completed,GBP
12748,UCI Customer 12748,2010-12-01T12:48:00+00:00,Manual,uci-12748-581449,2011-12-08T17:37:00+00:00,138.82,138.82,0,completed,GBP
12748,UCI Customer 12748,2010-12-01T12:48:00+00:00,Manual,uci-12748-581473,2011-12-08T19:57:00+00:00,96.89,96.89,0,completed,GBP
12748,UCI Customer 12748,2010-12-01T12:48:00+00:00,Manual,uci-12748-581474,2011-12-08T20:01:00+00:00,61.55,61.55,0,completed,GBP
12748,UCI Customer 12748,2010-12-01T12:48:00+00:00,Manual,uci-12748-581580,2011-12-09T12:20:00+00:00,94.11,94.11,0,completed,GBP
14911,UCI Customer 14911,2010-12-01T14:05:00+00:00,CARRIAGE,uci-14911-576051,2011-11-13T14:45:00+00:00,2068.49,2068.49,0,completed,GBP
14911,UCI Customer 14911,2010-12-01T14:05:00+00:00,CARRIAGE,uci-14911-576141,2011-11-14T10:47:00+00:00,348.21,348.21,0,completed,GBP
14911,UCI Customer 14911,2010-12-01T14:05:00+00:00,CARRIAGE,uci-14911-576371,2011-11-15T08:07:00+00:00,405.07,405.07,0,completed,GBP
14911,UCI Customer 14911,2010-12-01T14:05:00+00:00,CARRIAGE,uci-14911-576595,2011-11-15T14:56:00+00:00,376.58,376.58,0,completed,GBP
14911,UCI Customer 14911,2010-12-01T14:05:00+00:00,CARRIAGE,uci-14911-576596,2011-11-15T14:57:00+00:00,107.80,107.80,0,completed,GBP
14911,UCI Customer 14911,2010-12-01T14:05:00+00:00,CARRIAGE,uci-14911-576603,2011-11-15T15:22:00+00:00,524.28,524.28,0,completed,GBP
14911,UCI Customer 14911,2010-12-01T14:05:00+00:00,CARRIAGE,uci-14911-576880,2011-11-16T17:03:00+00:00,350.62,350.62,0,completed,GBP
14911,UCI Customer 14911,2010-12-01T14:05:00+00:00,CARRIAGE,uci-14911-576899,2011-11-17T08:49:00+00:00,759.48,759.48,0,completed,GBP
14911,UCI Customer 14911,2010-12-01T14:05:00+00:00,CARRIAGE,uci-14911-577061,2011-11-17T14:40:00+00:00,842.94,842.94,0,completed,GBP
14911,UCI Customer 14911,2010-12-01T14:05:00+00:00,CARRIAGE,uci-14911-577355,2011-11-18T15:53:00+00:00,785.56,785.56,0,completed,GBP
14911,UCI Customer 14911,2010-12-01T14:05:00+00:00,CARRIAGE,uci-14911-C577388,2011-11-18T16:58:00+00:00,0,96.15,96.15,refunded,GBP
14911,UCI Customer 14911,2010-12-01T14:05:00+00:00,CARRIAGE,uci-14911-577479,2011-11-20T11:34:00+00:00,917.54,917.54,0,completed,GBP
14911,UCI Customer 14911,2010-12-01T14:05:00+00:00,CARRIAGE,uci-14911-577607,2011-11-21T09:21:00+00:00,95.40,95.40,0,completed,GBP
14911,UCI Customer 14911,2010-12-01T14:05:00+00:00,CARRIAGE,uci-14911-577613,2011-11-21T10:02:00+00:00,805.20,805.20,0,completed,GBP
14911,UCI Customer 14911,2010-12-01T14:05:00+00:00,CARRIAGE,uci-14911-C577828,2011-11-22T09:53:00+00:00,0,22.88,22.88,refunded,GBP
14911,UCI Customer 14911,2010-12-01T14:05:00+00:00,CARRIAGE,uci-14911-577850,2011-11-22T11:04:00+00:00,1136.96,1136.96,0,completed,GBP
14911,UCI Customer 14911,2010-12-01T14:05:00+00:00,CARRIAGE,uci-14911-578054,2011-11-22T14:59:00+00:00,616.00,616.00,0,completed,GBP
14911,UCI Customer 14911,2010-12-01T14:05:00+00:00,CARRIAGE,uci-14911-578093,2011-11-22T17:21:00+00:00,302.24,302.24,0,completed,GBP
14911,UCI Customer 14911,2010-12-01T14:05:00+00:00,CARRIAGE,uci-14911-578105,2011-11-23T08:47:00+00:00,177.33,177.33,0,completed,GBP
14911,UCI Customer 14911,2010-12-01T14:05:00+00:00,CARRIAGE,uci-14911-578331,2011-11-24T08:44:00+00:00,207.14,207.14,0,completed,GBP
14911,UCI Customer 14911,2010-12-01T14:05:00+00:00,CARRIAGE,uci-14911-578792,2011-11-25T12:20:00+00:00,293.79,293.79,0,completed,GBP
14911,UCI Customer 14911,2010-12-01T14:05:00+00:00,CARRIAGE,uci-14911-578994,2011-11-27T15:44:00+00:00,829.91,829.91,0,completed,GBP
14911,UCI Customer 14911,2010-12-01T14:05:00+00:00,CARRIAGE,uci-14911-579069,2011-11-28T10:31:00+00:00,1073.23,1073.23,0,completed,GBP
14911,UCI Customer 14911,2010-12-01T14:05:00+00:00,CARRIAGE,uci-14911-579102,2011-11-28T11:33:00+00:00,805.60,805.60,0,completed,GBP
14911,UCI Customer 14911,2010-12-01T14:05:00+00:00,CARRIAGE,uci-14911-579539,2011-11-30T10:06:00+00:00,350.97,350.97,0,completed,GBP
14911,UCI Customer 14911,2010-12-01T14:05:00+00:00,CARRIAGE,uci-14911-579768,2011-11-30T15:08:00+00:00,482.96,482.96,0,completed,GBP
14911,UCI Customer 14911,2010-12-01T14:05:00+00:00,CARRIAGE,uci-14911-579910,2011-12-01T08:52:00+00:00,367.75,367.75,0,completed,GBP
14911,UCI Customer 14911,2010-12-01T14:05:00+00:00,CARRIAGE,uci-14911-C580056,2011-12-01T13:12:00+00:00,0,2.55,2.55,refunded,GBP
14911,UCI Customer 14911,2010-12-01T14:05:00+00:00,CARRIAGE,uci-14911-580127,2011-12-01T17:51:00+00:00,309.20,309.20,0,completed,GBP
14911,UCI Customer 14911,2010-12-01T14:05:00+00:00,CARRIAGE,uci-14911-580528,2011-12-04T15:28:00+00:00,773.54,773.54,0,completed,GBP
14911,UCI Customer 14911,2010-12-01T14:05:00+00:00,CARRIAGE,uci-14911-580555,2011-12-05T10:18:00+00:00,512.00,512.00,0,completed,GBP
14911,UCI Customer 14911,2010-12-01T14:05:00+00:00,CARRIAGE,uci-14911-580557,2011-12-05T10:19:00+00:00,75.40,75.40,0,completed,GBP
14911,UCI Customer 14911,2010-12-01T14:05:00+00:00,CARRIAGE,uci-14911-581003,2011-12-07T08:38:00+00:00,1273.15,1273.15,0,completed,GBP
14911,UCI Customer 14911,2010-12-01T14:05:00+00:00,CARRIAGE,uci-14911-581006,2011-12-07T08:45:00+00:00,1186.78,1186.78,0,completed,GBP
14911,UCI Customer 14911,2010-12-01T14:05:00+00:00,CARRIAGE,uci-14911-581098,2011-12-07T11:42:00+00:00,1396.96,1396.96,0,completed,GBP
14911,UCI Customer 14911,2010-12-01T14:05:00+00:00,CARRIAGE,uci-14911-581433,2011-12-08T15:54:00+00:00,1084.14,1084.14,0,completed,GBP
17841,UCI Customer 17841,2010-12-01T14:30:00+00:00,CHILLI LIGHTS,uci-17841-571098,2011-10-13T15:38:00+00:00,437.43,437.43,0,completed,GBP
17841,UCI Customer 17841,2010-12-01T14:30:00+00:00,CHILLI LIGHTS,uci-17841-571498,2011-10-17T15:06:00+00:00,413.99,413.99,0,completed,GBP
17841,UCI Customer 17841,2010-12-01T14:30:00+00:00,CHILLI LIGHTS,uci-17841-C571838,2011-10-19T12:12:00+00:00,0,44.60,44.60,refunded,GBP
17841,UCI Customer 17841,2010-12-01T14:30:00+00:00,CHILLI LIGHTS,uci-17841-571846,2011-10-19T12:35:00+00:00,535.75,535.75,0,completed,GBP
17841,UCI Customer 17841,2010-12-01T14:30:00+00:00,CHILLI LIGHTS,uci-17841-572306,2011-10-23T15:11:00+00:00,511.05,511.05,0,completed,GBP
17841,UCI Customer 17841,2010-12-01T14:30:00+00:00,CHILLI LIGHTS,uci-17841-C572850,2011-10-26T12:22:00+00:00,0,16.20,16.20,refunded,GBP
17841,UCI Customer 17841,2010-12-01T14:30:00+00:00,CHILLI LIGHTS,uci-17841-572863,2011-10-26T12:53:00+00:00,219.66,219.66,0,completed,GBP
17841,UCI Customer 17841,2010-12-01T14:30:00+00:00,CHILLI LIGHTS,uci-17841-572865,2011-10-26T13:01:00+00:00,185.11,185.11,0,completed,GBP
17841,UCI Customer 17841,2010-12-01T14:30:00+00:00,CHILLI LIGHTS,uci-17841-573245,2011-10-28T12:08:00+00:00,403.25,403.25,0,completed,GBP
17841,UCI Customer 17841,2010-12-01T14:30:00+00:00,CHILLI LIGHTS,uci-17841-573496,2011-10-31T11:59:00+00:00,489.95,489.95,0,completed,GBP
17841,UCI Customer 17841,2010-12-01T14:30:00+00:00,CHILLI LIGHTS,uci-17841-C574010,2011-11-02T11:51:00+00:00,0,10.35,10.35,refunded,GBP
17841,UCI Customer 17841,2010-12-01T14:30:00+00:00,CHILLI LIGHTS,uci-17841-574034,2011-11-02T12:45:00+00:00,460.24,460.24,0,completed,GBP
17841,UCI Customer 17841,2010-12-01T14:30:00+00:00,CHILLI LIGHTS,uci-17841-C574524,2011-11-04T13:53:00+00:00,0,35.56,35.56,refunded,GBP
17841,UCI Customer 17841,2010-12-01T14:30:00+00:00,CHILLI LIGHTS,uci-17841-C574525,2011-11-04T13:55:00+00:00,0,2.55,2.55,refunded,GBP
17841,UCI Customer 17841,2010-12-01T14:30:00+00:00,CHILLI LIGHTS,uci-17841-574547,2011-11-04T15:08:00+00:00,502.23,502.23,0,completed,GBP
17841,UCI Customer 17841,2010-12-01T14:30:00+00:00,CHILLI LIGHTS,uci-17841-574549,2011-11-04T15:14:00+00:00,1.45,1.45,0,completed,GBP
17841,UCI Customer 17841,2010-12-01T14:30:00+00:00,CHILLI LIGHTS,uci-17841-575070,2011-11-08T12:58:00+00:00,796.64,796.64,0,completed,GBP
17841,UCI Customer 17841,2010-12-01T14:30:00+00:00,CHILLI LIGHTS,uci-17841-575298,2011-11-09T12:29:00+00:00,438.08,438.08,0,completed,GBP
17841,UCI Customer 17841,2010-12-01T14:30:00+00:00,CHILLI LIGHTS,uci-17841-575304,2011-11-09T12:38:00+00:00,8.90,8.90,0,completed,GBP
17841,UCI Customer 17841,2010-12-01T14:30:00+00:00,CHILLI LIGHTS,uci-17841-575753,2011-11-11T10:41:00+00:00,224.43,224.43,0,completed,GBP
17841,UCI Customer 17841,2010-12-01T14:30:00+00:00,CHILLI LIGHTS,uci-17841-575985,2011-11-13T14:09:00+00:00,515.55,515.55,0,completed,GBP
17841,UCI Customer 17841,2010-12-01T14:30:00+00:00,CHILLI LIGHTS,uci-17841-576665,2011-11-16T11:46:00+00:00,890.19,890.19,0,completed,GBP
17841,UCI Customer 17841,2010-12-01T14:30:00+00:00,CHILLI LIGHTS,uci-17841-576666,2011-11-16T11:47:00+00:00,4.2,4.2,0,completed,GBP
17841,UCI Customer 17841,2010-12-01T14:30:00+00:00,CHILLI LIGHTS,uci-17841-577174,2011-11-18T10:58:00+00:00,314.08,314.08,0,completed,GBP
17841,UCI Customer 17841,2010-12-01T14:30:00+00:00,CHILLI LIGHTS,uci-17841-C577547,2011-11-20T14:48:00+00:00,0,41.66,41.66,refunded,GBP
17841,UCI Customer 17841,2010-12-01T14:30:00+00:00,CHILLI LIGHTS,uci-17841-577549,2011-11-20T15:00:00+00:00,444.47,444.47,0,completed,GBP
17841,UCI Customer 17841,2010-12-01T14:30:00+00:00,CHILLI LIGHTS,uci-17841-C578280,2011-11-23T13:53:00+00:00,0,11.10,11.10,refunded,GBP
17841,UCI Customer 17841,2010-12-01T14:30:00+00:00,CHILLI LIGHTS,uci-17841-C578282,2011-11-23T13:54:00+00:00,0,4.25,4.25,refunded,GBP
17841,UCI Customer 17841,2010-12-01T14:30:00+00:00,CHILLI LIGHTS,uci-17841-578289,2011-11-23T14:07:00+00:00,904.52,904.52,0,completed,GBP
17841,UCI Customer 17841,2010-12-01T14:30:00+00:00,CHILLI LIGHTS,uci-17841-578678,2011-11-24T19:59:00+00:00,462.76,462.76,0,completed,GBP
17841,UCI Customer 17841,2010-12-01T14:30:00+00:00,CHILLI LIGHTS,uci-17841-578852,2011-11-27T11:12:00+00:00,400.62,400.62,0,completed,GBP
17841,UCI Customer 17841,2010-12-01T14:30:00+00:00,CHILLI LIGHTS,uci-17841-579516,2011-11-29T17:52:00+00:00,775.22,775.22,0,completed,GBP
17841,UCI Customer 17841,2010-12-01T14:30:00+00:00,CHILLI LIGHTS,uci-17841-580136,2011-12-01T19:42:00+00:00,633.38,633.38,0,completed,GBP
17841,UCI Customer 17841,2010-12-01T14:30:00+00:00,CHILLI LIGHTS,uci-17841-580295,2011-12-02T13:49:00+00:00,113.79,113.79,0,completed,GBP
17841,UCI Customer 17841,2010-12-01T14:30:00+00:00,CHILLI LIGHTS,uci-17841-580956,2011-12-06T14:23:00+00:00,974.01,974.01,0,completed,GBP
17841,UCI Customer 17841,2010-12-01T14:30:00+00:00,CHILLI LIGHTS,uci-17841-581334,2011-12-08T12:07:00+00:00,835.13,835.13,0,completed,GBP
13089,UCI Customer 13089,2010-12-05T10:27:00+00:00,REGENCY CAKESTAND 3 TIER,uci-13089-563246,2011-08-15T10:57:00+00:00,695.26,695.26,0,completed,GBP
13089,UCI Customer 13089,2010-12-05T10:27:00+00:00,REGENCY CAKESTAND 3 TIER,uci-13089-563247,2011-08-15T10:59:00+00:00,256.08,256.08,0,completed,GBP
13089,UCI Customer 13089,2010-12-05T10:27:00+00:00,REGENCY CAKESTAND 3 TIER,uci-13089-563747,2011-08-19T10:05:00+00:00,481.60,481.60,0,completed,GBP
13089,UCI Customer 13089,2010-12-05T10:27:00+00:00,REGENCY CAKESTAND 3 TIER,uci-13089-C563948,2011-08-22T10:30:00+00:00,0,27.30,27.30,refunded,GBP
13089,UCI Customer 13089,2010-12-05T10:27:00+00:00,REGENCY CAKESTAND 3 TIER,uci-13089-C564493,2011-08-25T14:19:00+00:00,0,30.55,30.55,refunded,GBP
13089,UCI Customer 13089,2010-12-05T10:27:00+00:00,REGENCY CAKESTAND 3 TIER,uci-13089-564958,2011-08-31T13:56:00+00:00,682.19,682.19,0,completed,GBP
13089,UCI Customer 13089,2010-12-05T10:27:00+00:00,REGENCY CAKESTAND 3 TIER,uci-13089-565116,2011-09-01T11:30:00+00:00,2297.52,2297.52,0,completed,GBP
13089,UCI Customer 13089,2010-12-05T10:27:00+00:00,REGENCY CAKESTAND 3 TIER,uci-13089-565117,2011-09-01T11:33:00+00:00,2016.32,2016.32,0,completed,GBP
13089,UCI Customer 13089,2010-12-05T10:27:00+00:00,REGENCY CAKESTAND 3 TIER,uci-13089-567379,2011-09-20T10:02:00+00:00,761.44,761.44,0,completed,GBP
13089,UCI Customer 13089,2010-12-05T10:27:00+00:00,REGENCY CAKESTAND 3 TIER,uci-13089-567798,2011-09-22T12:00:00+00:00,886.63,886.63,0,completed,GBP
13089,UCI Customer 13089,2010-12-05T10:27:00+00:00,REGENCY CAKESTAND 3 TIER,uci-13089-567799,2011-09-22T12:01:00+00:00,80.76,80.76,0,completed,GBP
13089,UCI Customer 13089,2010-12-05T10:27:00+00:00,REGENCY CAKESTAND 3 TIER,uci-13089-567800,2011-09-22T12:01:00+00:00,51.00,51.00,0,completed,GBP
13089,UCI Customer 13089,2010-12-05T10:27:00+00:00,REGENCY CAKESTAND 3 TIER,uci-13089-567801,2011-09-22T12:02:00+00:00,310.24,310.24,0,completed,GBP
13089,UCI Customer 13089,2010-12-05T10:27:00+00:00,REGENCY CAKESTAND 3 TIER,uci-13089-568209,2011-09-25T15:43:00+00:00,234.60,234.60,0,completed,GBP
13089,UCI Customer 13089,2010-12-05T10:27:00+00:00,REGENCY CAKESTAND 3 TIER,uci-13089-C568597,2011-09-28T11:17:00+00:00,0,20.65,20.65,refunded,GBP
13089,UCI Customer 13089,2010-12-05T10:27:00+00:00,REGENCY CAKESTAND 3 TIER,uci-13089-569027,2011-09-30T10:19:00+00:00,712.06,712.06,0,completed,GBP
13089,UCI Customer 13089,2010-12-05T10:27:00+00:00,REGENCY CAKESTAND 3 TIER,uci-13089-569871,2011-10-06T15:04:00+00:00,330.15,330.15,0,completed,GBP
13089,UCI Customer 13089,2010-12-05T10:27:00+00:00,REGENCY CAKESTAND 3 TIER,uci-13089-569872,2011-10-06T15:05:00+00:00,33.00,33.00,0,completed,GBP
13089,UCI Customer 13089,2010-12-05T10:27:00+00:00,REGENCY CAKESTAND 3 TIER,uci-13089-569873,2011-10-06T15:05:00+00:00,33.00,33.00,0,completed,GBP
13089,UCI Customer 13089,2010-12-05T10:27:00+00:00,REGENCY CAKESTAND 3 TIER,uci-13089-570514,2011-10-11T10:36:00+00:00,1018.51,1018.51,0,completed,GBP
13089,UCI Customer 13089,2010-12-05T10:27:00+00:00,REGENCY CAKESTAND 3 TIER,uci-13089-C571320,2011-10-17T10:57:00+00:00,0,11.80,11.80,refunded,GBP
13089,UCI Customer 13089,2010-12-05T10:27:00+00:00,REGENCY CAKESTAND 3 TIER,uci-13089-571738,2011-10-19T10:32:00+00:00,311.76,311.76,0,completed,GBP
13089,UCI Customer 13089,2010-12-05T10:27:00+00:00,REGENCY CAKESTAND 3 TIER,uci-13089-571892,2011-10-19T14:12:00+00:00,431.20,431.20,0,completed,GBP
13089,UCI Customer 13089,2010-12-05T10:27:00+00:00,REGENCY CAKESTAND 3 TIER,uci-13089-573166,2011-10-28T09:15:00+00:00,706.36,706.36,0,completed,GBP
13089,UCI Customer 13089,2010-12-05T10:27:00+00:00,REGENCY CAKESTAND 3 TIER,uci-13089-573394,2011-10-30T15:10:00+00:00,456.92,456.92,0,completed,GBP
13089,UCI Customer 13089,2010-12-05T10:27:00+00:00,REGENCY CAKESTAND 3 TIER,uci-13089-575060,2011-11-08T12:29:00+00:00,1095.29,1095.29,0,completed,GBP
13089,UCI Customer 13089,2010-12-05T10:27:00+00:00,REGENCY CAKESTAND 3 TIER,uci-13089-576355,2011-11-14T16:28:00+00:00,1364.74,1364.74,0,completed,GBP
13089,UCI Customer 13089,2010-12-05T10:27:00+00:00,REGENCY CAKESTAND 3 TIER,uci-13089-576736,2011-11-16T12:42:00+00:00,356.10,356.10,0,completed,GBP
13089,UCI Customer 13089,2010-12-05T10:27:00+00:00,REGENCY CAKESTAND 3 TIER,uci-13089-577093,2011-11-17T16:37:00+00:00,426.06,426.06,0,completed,GBP
13089,UCI Customer 13089,2010-12-05T10:27:00+00:00,REGENCY CAKESTAND 3 TIER,uci-13089-578101,2011-11-23T08:39:00+00:00,105.00,105.00,0,completed,GBP
13089,UCI Customer 13089,2010-12-05T10:27:00+00:00,REGENCY CAKESTAND 3 TIER,uci-13089-578102,2011-11-23T08:39:00+00:00,409.00,409.00,0,completed,GBP
13089,UCI Customer 13089,2010-12-05T10:27:00+00:00,REGENCY CAKESTAND 3 TIER,uci-13089-579177,2011-11-28T14:53:00+00:00,705.90,705.90,0,completed,GBP
13089,UCI Customer 13089,2010-12-05T10:27:00+00:00,REGENCY CAKESTAND 3 TIER,uci-13089-580112,2011-12-01T15:56:00+00:00,300.84,300.84,0,completed,GBP
13089,UCI Customer 13089,2010-12-05T10:27:00+00:00,REGENCY CAKESTAND 3 TIER,uci-13089-580125,2011-12-01T17:16:00+00:00,313.50,313.50,0,completed,GBP
13089,UCI Customer 13089,2010-12-05T10:27:00+00:00,REGENCY CAKESTAND 3 TIER,uci-13089-580673,2011-12-05T14:30:00+00:00,3705.48,3705.48,0,completed,GBP
13089,UCI Customer 13089,2010-12-05T10:27:00+00:00,REGENCY CAKESTAND 3 TIER,uci-13089-581008,2011-12-07T09:02:00+00:00,361.80,361.80,0,completed,GBP
14606,UCI Customer 14606,2010-12-01T16:57:00+00:00,VICTORIAN GLASS HANGING T-LIGHT,uci-14606-564743,2011-08-28T15:17:00+00:00,125.77,125.77,0,completed,GBP
14606,UCI Customer 14606,2010-12-01T16:57:00+00:00,VICTORIAN GLASS HANGING T-LIGHT,uci-14606-C565323,2011-09-02T13:16:00+00:00,0,12.65,12.65,refunded,GBP
14606,UCI Customer 14606,2010-12-01T16:57:00+00:00,VICTORIAN GLASS HANGING T-LIGHT,uci-14606-565329,2011-09-02T13:54:00+00:00,113.31,113.31,0,completed,GBP
14606,UCI Customer 14606,2010-12-01T16:57:00+00:00,VICTORIAN GLASS HANGING T-LIGHT,uci-14606-C565843,2011-09-07T12:15:00+00:00,0,1.46,1.46,refunded,GBP
14606,UCI Customer 14606,2010-12-01T16:57:00+00:00,VICTORIAN GLASS HANGING T-LIGHT,uci-14606-565846,2011-09-07T12:41:00+00:00,121.50,121.50,0,completed,GBP
14606,UCI Customer 14606,2010-12-01T16:57:00+00:00,VICTORIAN GLASS HANGING T-LIGHT,uci-14606-C565848,2011-09-07T12:48:00+00:00,0,224.47,224.47,refunded,GBP
14606,UCI Customer 14606,2010-12-01T16:57:00+00:00,VICTORIAN GLASS HANGING T-LIGHT,uci-14606-C566263,2011-09-11T13:01:00+00:00,0,2.1,2.1,refunded,GBP
14606,UCI Customer 14606,2010-12-01T16:57:00+00:00,VICTORIAN GLASS HANGING T-LIGHT,uci-14606-566264,2011-09-11T13:07:00+00:00,97.73,97.73,0,completed,GBP
14606,UCI Customer 14606,2010-12-01T16:57:00+00:00,VICTORIAN GLASS HANGING T-LIGHT,uci-14606-C566725,2011-09-14T13:08:00+00:00,0,1.65,1.65,refunded,GBP
14606,UCI Customer 14606,2010-12-01T16:57:00+00:00,VICTORIAN GLASS HANGING T-LIGHT,uci-14606-566730,2011-09-14T13:31:00+00:00,64.26,64.26,0,completed,GBP
14606,UCI Customer 14606,2010-12-01T16:57:00+00:00,VICTORIAN GLASS HANGING T-LIGHT,uci-14606-567292,2011-09-19T11:59:00+00:00,47.38,47.38,0,completed,GBP
14606,UCI Customer 14606,2010-12-01T16:57:00+00:00,VICTORIAN GLASS HANGING T-LIGHT,uci-14606-567679,2011-09-21T16:15:00+00:00,106.39,106.39,0,completed,GBP
14606,UCI Customer 14606,2010-12-01T16:57:00+00:00,VICTORIAN GLASS HANGING T-LIGHT,uci-14606-568667,2011-09-28T13:00:00+00:00,109.96,109.96,0,completed,GBP
14606,UCI Customer 14606,2010-12-01T16:57:00+00:00,VICTORIAN GLASS HANGING T-LIGHT,uci-14606-569457,2011-10-04T11:29:00+00:00,117.94,117.94,0,completed,GBP
14606,UCI Customer 14606,2010-12-01T16:57:00+00:00,VICTORIAN GLASS HANGING T-LIGHT,uci-14606-C570331,2011-10-10T12:18:00+00:00,0,0.39,0.39,refunded,GBP
14606,UCI Customer 14606,2010-12-01T16:57:00+00:00,VICTORIAN GLASS HANGING T-LIGHT,uci-14606-570380,2011-10-10T12:35:00+00:00,111.55,111.55,0,completed,GBP
14606,UCI Customer 14606,2010-12-01T16:57:00+00:00,VICTORIAN GLASS HANGING T-LIGHT,uci-14606-571158,2011-10-14T10:25:00+00:00,115.27,115.27,0,completed,GBP
14606,UCI Customer 14606,2010-12-01T16:57:00+00:00,VICTORIAN GLASS HANGING T-LIGHT,uci-14606-572063,2011-10-20T12:57:00+00:00,112.24,112.24,0,completed,GBP
14606,UCI Customer 14606,2010-12-01T16:57:00+00:00,VICTORIAN GLASS HANGING T-LIGHT,uci-14606-572847,2011-10-26T12:15:00+00:00,115.15,115.15,0,completed,GBP
14606,UCI Customer 14606,2010-12-01T16:57:00+00:00,VICTORIAN GLASS HANGING T-LIGHT,uci-14606-C573271,2011-10-28T13:00:00+00:00,0,3.90,3.90,refunded,GBP
14606,UCI Customer 14606,2010-12-01T16:57:00+00:00,VICTORIAN GLASS HANGING T-LIGHT,uci-14606-573277,2011-10-28T13:18:00+00:00,112.47,112.47,0,completed,GBP
14606,UCI Customer 14606,2010-12-01T16:57:00+00:00,VICTORIAN GLASS HANGING T-LIGHT,uci-14606-C574026,2011-11-02T12:26:00+00:00,0,2.47,2.47,refunded,GBP
14606,UCI Customer 14606,2010-12-01T16:57:00+00:00,VICTORIAN GLASS HANGING T-LIGHT,uci-14606-574035,2011-11-02T12:45:00+00:00,113.01,113.01,0,completed,GBP
14606,UCI Customer 14606,2010-12-01T16:57:00+00:00,VICTORIAN GLASS HANGING T-LIGHT,uci-14606-C574886,2011-11-07T14:07:00+00:00,0,3.75,3.75,refunded,GBP
14606,UCI Customer 14606,2010-12-01T16:57:00+00:00,VICTORIAN GLASS HANGING T-LIGHT,uci-14606-574891,2011-11-07T14:28:00+00:00,106.44,106.44,0,completed,GBP
14606,UCI Customer 14606,2010-12-01T16:57:00+00:00,VICTORIAN GLASS HANGING T-LIGHT,uci-14606-C575537,2011-11-10T11:14:00+00:00,0,2.55,2.55,refunded,GBP
14606,UCI Customer 14606,2010-12-01T16:57:00+00:00,VICTORIAN GLASS HANGING T-LIGHT,uci-14606-575574,2011-11-10T11:37:00+00:00,111.39,111.39,0,completed,GBP
14606,UCI Customer 14606,2010-12-01T16:57:00+00:00,VICTORIAN GLASS HANGING T-LIGHT,uci-14606-C576195,2011-11-14T12:03:00+00:00,0,4.95,4.95,refunded,GBP
14606,UCI Customer 14606,2010-12-01T16:57:00+00:00,VICTORIAN GLASS HANGING T-LIGHT,uci-14606-576201,2011-11-14T12:18:00+00:00,109.65,109.65,0,completed,GBP
14606,UCI Customer 14606,2010-12-01T16:57:00+00:00,VICTORIAN GLASS HANGING T-LIGHT,uci-14606-577286,2011-11-18T12:39:00+00:00,129.14,129.14,0,completed,GBP
14606,UCI Customer 14606,2010-12-01T16:57:00+00:00,VICTORIAN GLASS HANGING T-LIGHT,uci-14606-577736,2011-11-21T13:20:00+00:00,110.92,110.92,0,completed,GBP
14606,UCI Customer 14606,2010-12-01T16:57:00+00:00,VICTORIAN GLASS HANGING T-LIGHT,uci-14606-578518,2011-11-24T13:54:00+00:00,110.57,110.57,0,completed,GBP
14606,UCI Customer 14606,2010-12-01T16:57:00+00:00,VICTORIAN GLASS HANGING T-LIGHT,uci-14606-579098,2011-11-28T11:18:00+00:00,192.20,192.20,0,completed,GBP
14606,UCI Customer 14606,2010-12-01T16:57:00+00:00,VICTORIAN GLASS HANGING T-LIGHT,uci-14606-579689,2011-11-30T14:00:00+00:00,143.09,143.09,0,completed,GBP
14606,UCI Customer 14606,2010-12-01T16:57:00+00:00,VICTORIAN GLASS HANGING T-LIGHT,uci-14606-580903,2011-12-06T12:56:00+00:00,230.06,230.06,0,completed,GBP
14606,UCI Customer 14606,2010-12-01T16:57:00+00:00,VICTORIAN GLASS HANGING T-LIGHT,uci-14606-581469,2011-12-08T19:28:00+00:00,125.65,125.65,0,completed,GBP
15311,UCI Customer 15311,2010-12-01T09:41:00+00:00,JUMBO BAG RED RETROSPOT,uci-15311-563850,2011-08-19T15:06:00+00:00,138.68,138.68,0,completed,GBP
15311,UCI Customer 15311,2010-12-01T09:41:00+00:00,JUMBO BAG RED RETROSPOT,uci-15311-C565305,2011-09-02T12:18:00+00:00,0,7.46,7.46,refunded,GBP
15311,UCI Customer 15311,2010-12-01T09:41:00+00:00,JUMBO BAG RED RETROSPOT,uci-15311-565309,2011-09-02T12:25:00+00:00,300.20,300.20,0,completed,GBP
15311,UCI Customer 15311,2010-12-01T09:41:00+00:00,JUMBO BAG RED RETROSPOT,uci-15311-565776,2011-09-06T14:38:00+00:00,724.01,724.01,0,completed,GBP
15311,UCI Customer 15311,2010-12-01T09:41:00+00:00,JUMBO BAG RED RETROSPOT,uci-15311-566558,2011-09-13T11:51:00+00:00,679.69,679.69,0,completed,GBP
15311,UCI Customer 15311,2010-12-01T09:41:00+00:00,JUMBO BAG RED RETROSPOT,uci-15311-567099,2011-09-16T13:31:00+00:00,257.30,257.30,0,completed,GBP
15311,UCI Customer 15311,2010-12-01T09:41:00+00:00,JUMBO BAG RED RETROSPOT,uci-15311-567626,2011-09-21T12:56:00+00:00,597.45,597.45,0,completed,GBP
15311,UCI Customer 15311,2010-12-01T09:41:00+00:00,JUMBO BAG RED RETROSPOT,uci-15311-567980,2011-09-23T11:22:00+00:00,157.14,157.14,0,completed,GBP
15311,UCI Customer 15311,2010-12-01T09:41:00+00:00,JUMBO BAG RED RETROSPOT,uci-15311-568505,2011-09-27T12:17:00+00:00,626.52,626.52,0,completed,GBP
15311,UCI Customer 15311,2010-12-01T09:41:00+00:00,JUMBO BAG RED RETROSPOT,uci-15311-569330,2011-10-03T13:31:00+00:00,607.33,607.33,0,completed,GBP
15311,UCI Customer 15311,2010-12-01T09:41:00+00:00,JUMBO BAG RED RETROSPOT,uci-15311-570096,2011-10-07T11:58:00+00:00,291.26,291.26,0,completed,GBP
15311,UCI Customer 15311,2010-12-01T09:41:00+00:00,JUMBO BAG RED RETROSPOT,uci-15311-C570203,2011-10-07T16:49:00+00:00,0,35.81,35.81,refunded,GBP
15311,UCI Customer 15311,2010-12-01T09:41:00+00:00,JUMBO BAG RED RETROSPOT,uci-15311-570797,2011-10-12T12:24:00+00:00,1229.42,1229.42,0,completed,GBP
15311,UCI Customer 15311,2010-12-01T09:41:00+00:00,JUMBO BAG RED RETROSPOT,uci-15311-571292,2011-10-16T15:45:00+00:00,273.99,273.99,0,completed,GBP
15311,UCI Customer 15311,2010-12-01T09:41:00+00:00,JUMBO BAG RED RETROSPOT,uci-15311-571628,2011-10-18T11:13:00+00:00,131.40,131.40,0,completed,GBP
15311,UCI Customer 15311,2010-12-01T09:41:00+00:00,JUMBO BAG RED RETROSPOT,uci-15311-572217,2011-10-21T13:03:00+00:00,97.25,97.25,0,completed,GBP
15311,UCI Customer 15311,2010-12-01T09:41:00+00:00,JUMBO BAG RED RETROSPOT,uci-15311-572885,2011-10-26T13:45:00+00:00,423.81,423.81,0,completed,GBP
15311,UCI Customer 15311,2010-12-01T09:41:00+00:00,JUMBO BAG RED RETROSPOT,uci-15311-573275,2011-10-28T13:12:00+00:00,284.09,284.09,0,completed,GBP
15311,UCI Customer 15311,2010-12-01T09:41:00+00:00,JUMBO BAG RED RETROSPOT,uci-15311-C573864,2011-11-01T11:55:00+00:00,0,13.61,13.61,refunded,GBP
15311,UCI Customer 15311,2010-12-01T09:41:00+00:00,JUMBO BAG RED RETROSPOT,uci-15311-573865,2011-11-01T12:00:00+00:00,358.59,358.59,0,completed,GBP
15311,UCI Customer 15311,2010-12-01T09:41:00+00:00,JUMBO BAG RED RETROSPOT,uci-15311-574514,2011-11-04T13:34:00+00:00,627.00,627.00,0,completed,GBP
15311,UCI Customer 15311,2010-12-01T09:41:00+00:00,JUMBO BAG RED RETROSPOT,uci-15311-575321,2011-11-09T13:34:00+00:00,275.41,275.41,0,completed,GBP
15311,UCI Customer 15311,2010-12-01T09:41:00+00:00,JUMBO BAG RED RETROSPOT,uci-15311-575919,2011-11-11T17:00:00+00:00,4041.18,4041.18,0,completed,GBP
15311,UCI Customer 15311,2010-12-01T09:41:00+00:00,JUMBO BAG RED RETROSPOT,uci-15311-C576561,2011-11-15T13:22:00+00:00,0,43.57,43.57,refunded,GBP
15311,UCI Customer 15311,2010-12-01T09:41:00+00:00,JUMBO BAG RED RETROSPOT,uci-15311-576564,2011-11-15T13:32:00+00:00,273.52,273.52,0,completed,GBP
15311,UCI Customer 15311,2010-12-01T09:41:00+00:00,JUMBO BAG RED RETROSPOT,uci-15311-577321,2011-11-18T13:44:00+00:00,266.91,266.91,0,completed,GBP
15311,UCI Customer 15311,2010-12-01T09:41:00+00:00,JUMBO BAG RED RETROSPOT,uci-15311-578018,2011-11-22T13:08:00+00:00,714.09,714.09,0,completed,GBP
15311,UCI Customer 15311,2010-12-01T09:41:00+00:00,JUMBO BAG RED RETROSPOT,uci-15311-578523,2011-11-24T14:10:00+00:00,150.76,150.76,0,completed,GBP
15311,UCI Customer 15311,2010-12-01T09:41:00+00:00,JUMBO BAG RED RETROSPOT,uci-15311-578819,2011-11-25T13:52:00+00:00,790.06,790.06,0,completed,GBP
15311,UCI Customer 15311,2010-12-01T09:41:00+00:00,JUMBO BAG RED RETROSPOT,uci-15311-C579415,2011-11-29T12:52:00+00:00,0,15.00,15.00,refunded,GBP
15311,UCI Customer 15311,2010-12-01T09:41:00+00:00,JUMBO BAG RED RETROSPOT,uci-15311-579432,2011-11-29T13:12:00+00:00,282.18,282.18,0,completed,GBP
15311,UCI Customer 15311,2010-12-01T09:41:00+00:00,JUMBO BAG RED RETROSPOT,uci-15311-580284,2011-12-02T13:21:00+00:00,252.11,252.11,0,completed,GBP
15311,UCI Customer 15311,2010-12-01T09:41:00+00:00,JUMBO BAG RED RETROSPOT,uci-15311-C580886,2011-12-06T12:25:00+00:00,0,54.75,54.75,refunded,GBP
15311,UCI Customer 15311,2010-12-01T09:41:00+00:00,JUMBO BAG RED RETROSPOT,uci-15311-580904,2011-12-06T12:59:00+00:00,429.36,429.36,0,completed,GBP
15311,UCI Customer 15311,2010-12-01T09:41:00+00:00,JUMBO BAG RED RETROSPOT,uci-15311-C581568,2011-12-09T11:57:00+00:00,0,54.75,54.75,refunded,GBP
15311,UCI Customer 15311,2010-12-01T09:41:00+00:00,JUMBO BAG RED RETROSPOT,uci-15311-581571,2011-12-09T12:00:00+00:00,494.60,494.60,0,completed,GBP
12971,UCI Customer 12971,2010-12-02T16:42:00+00:00,PAPER BUNTING RETROSPOT,uci-12971-560204,2011-07-15T13:17:00+00:00,154.20,154.20,0,completed,GBP
12971,UCI Customer 12971,2010-12-02T16:42:00+00:00,PAPER BUNTING RETROSPOT,uci-12971-560469,2011-07-19T10:40:00+00:00,220.15,220.15,0,completed,GBP
12971,UCI Customer 12971,2010-12-02T16:42:00+00:00,PAPER BUNTING RETROSPOT,uci-12971-C560550,2011-07-19T12:47:00+00:00,0,220.15,220.15,refunded,GBP
12971,UCI Customer 12971,2010-12-02T16:42:00+00:00,PAPER BUNTING RETROSPOT,uci-12971-560897,2011-07-21T17:26:00+00:00,139.20,139.20,0,completed,GBP
12971,UCI Customer 12971,2010-12-02T16:42:00+00:00,PAPER BUNTING RETROSPOT,uci-12971-561389,2011-07-27T09:37:00+00:00,411.08,411.08,0,completed,GBP
12971,UCI Customer 12971,2010-12-02T16:42:00+00:00,PAPER BUNTING RETROSPOT,uci-12971-561699,2011-07-29T10:32:00+00:00,152.40,152.40,0,completed,GBP
12971,UCI Customer 12971,2010-12-02T16:42:00+00:00,PAPER BUNTING RETROSPOT,uci-12971-562272,2011-08-04T08:18:00+00:00,83.10,83.10,0,completed,GBP
12971,UCI Customer 12971,2010-12-02T16:42:00+00:00,PAPER BUNTING RETROSPOT,uci-12971-562545,2011-08-05T15:46:00+00:00,137.76,137.76,0,completed,GBP
12971,UCI Customer 12971,2010-12-02T16:42:00+00:00,PAPER BUNTING RETROSPOT,uci-12971-563560,2011-08-17T14:00:00+00:00,103.20,103.20,0,completed,GBP
12971,UCI Customer 12971,2010-12-02T16:42:00+00:00,PAPER BUNTING RETROSPOT,uci-12971-563898,2011-08-21T10:48:00+00:00,151.20,151.20,0,completed,GBP
12971,UCI Customer 12971,2010-12-02T16:42:00+00:00,PAPER BUNTING RETROSPOT,uci-12971-564222,2011-08-24T09:41:00+00:00,239.90,239.90,0,completed,GBP
12971,UCI Customer 12971,2010-12-02T16:42:00+00:00,PAPER BUNTING RETROSPOT,uci-12971-565206,2011-09-01T16:46:00+00:00,117.06,117.06,0,completed,GBP
12971,UCI Customer 12971,2010-12-02T16:42:00+00:00,PAPER BUNTING RETROSPOT,uci-12971-565216,2011-09-01T17:38:00+00:00,114.60,114.60,0,completed,GBP
12971,UCI Customer 12971,2010-12-02T16:42:00+00:00,PAPER BUNTING RETROSPOT,uci-12971-566046,2011-09-08T14:02:00+00:00,78.90,78.90,0,completed,GBP
12971,UCI Customer 12971,2010-12-02T16:42:00+00:00,PAPER BUNTING RETROSPOT,uci-12971-566628,2011-09-14T10:32:00+00:00,167.00,167.00,0,completed,GBP
12971,UCI Customer 12971,2010-12-02T16:42:00+00:00,PAPER BUNTING RETROSPOT,uci-12971-566630,2011-09-14T10:33:00+00:00,157.20,157.20,0,completed,GBP
12971,UCI Customer 12971,2010-12-02T16:42:00+00:00,PAPER BUNTING RETROSPOT,uci-12971-568389,2011-09-27T10:06:00+00:00,164.28,164.28,0,completed,GBP
12971,UCI Customer 12971,2010-12-02T16:42:00+00:00,PAPER BUNTING RETROSPOT,uci-12971-569373,2011-10-03T16:12:00+00:00,162.64,162.64,0,completed,GBP
12971,UCI Customer 12971,2010-12-02T16:42:00+00:00,PAPER BUNTING RETROSPOT,uci-12971-569559,2011-10-05T09:31:00+00:00,171.60,171.60,0,completed,GBP
12971,UCI Customer 12971,2010-12-02T16:42:00+00:00,PAPER BUNTING RETROSPOT,uci-12971-571742,2011-10-19T10:36:00+00:00,47.62,47.62,0,completed,GBP
12971,UCI Customer 12971,2010-12-02T16:42:00+00:00,PAPER BUNTING RETROSPOT,uci-12971-573372,2011-10-30T13:36:00+00:00,78.90,78.90,0,completed,GBP
12971,UCI Customer 12971,2010-12-02T16:42:00+00:00,PAPER BUNTING RETROSPOT,uci-12971-574330,2011-11-04T09:10:00+00:00,63.06,63.06,0,completed,GBP
12971,UCI Customer 12971,2010-12-02T16:42:00+00:00,PAPER BUNTING RETROSPOT,uci-12971-574961,2011-11-08T10:19:00+00:00,94.74,94.74,0,completed,GBP
12971,UCI Customer 12971,2010-12-02T16:42:00+00:00,PAPER BUNTING RETROSPOT,uci-12971-575388,2011-11-09T15:30:00+00:00,188.04,188.04,0,completed,GBP
12971,UCI Customer 12971,2010-12-02T16:42:00+00:00,PAPER BUNTING RETROSPOT,uci-12971-575389,2011-11-09T15:31:00+00:00,97.63,97.63,0,completed,GBP
12971,UCI Customer 12971,2010-12-02T16:42:00+00:00,PAPER BUNTING RETROSPOT,uci-12971-575390,2011-11-09T15:31:00+00:00,55.32,55.32,0,completed,GBP
12971,UCI Customer 12971,2010-12-02T16:42:00+00:00,PAPER BUNTING RETROSPOT,uci-12971-576237,2011-11-14T13:32:00+00:00,65.40,65.40,0,completed,GBP
12971,UCI Customer 12971,2010-12-02T16:42:00+00:00,PAPER BUNTING RETROSPOT,uci-12971-576853,2011-11-16T15:48:00+00:00,93.39,93.39,0,completed,GBP
12971,UCI Customer 12971,2010-12-02T16:42:00+00:00,PAPER BUNTING RETROSPOT,uci-12971-577018,2011-11-17T12:25:00+00:00,163.74,163.74,0,completed,GBP
12971,UCI Customer 12971,2010-12-02T16:42:00+00:00,PAPER BUNTING RETROSPOT,uci-12971-577443,2011-11-20T11:16:00+00:00,172.80,172.80,0,completed,GBP
12971,UCI Customer 12971,2010-12-02T16:42:00+00:00,PAPER BUNTING RETROSPOT,uci-12971-578015,2011-11-22T12:58:00+00:00,291.36,291.36,0,completed,GBP
12971,UCI Customer 12971,2010-12-02T16:42:00+00:00,PAPER BUNTING RETROSPOT,uci-12971-578668,2011-11-24T17:11:00+00:00,195.00,195.00,0,completed,GBP
12971,UCI Customer 12971,2010-12-02T16:42:00+00:00,PAPER BUNTING RETROSPOT,uci-12971-579122,2011-11-28T12:05:00+00:00,309.82,309.82,0,completed,GBP
12971,UCI Customer 12971,2010-12-02T16:42:00+00:00,PAPER BUNTING RETROSPOT,uci-12971-579513,2011-11-29T17:03:00+00:00,123.15,123.15,0,completed,GBP
12971,UCI Customer 12971,2010-12-02T16:42:00+00:00,PAPER BUNTING RETROSPOT,uci-12971-580093,2011-12-01T14:41:00+00:00,59.10,59.10,0,completed,GBP
12971,UCI Customer 12971,2010-12-02T16:42:00+00:00,PAPER BUNTING RETROSPOT,uci-12971-580882,2011-12-06T12:20:00+00:00,102.80,102.80,0,completed,GBP
14646,UCI Customer 14646,2010-12-20T10:09:00+00:00,RABBIT NIGHT LIGHT,uci-14646-564650,2011-08-26T14:17:00+00:00,6429.64,6429.64,0,completed,GBP
14646,UCI Customer 14646,2010-12-20T10:09:00+00:00,RABBIT NIGHT LIGHT,uci-14646-564652,2011-08-26T14:20:00+00:00,998.40,998.40,0,completed,GBP
14646,UCI Customer 14646,2010-12-20T10:09:00+00:00,RABBIT NIGHT LIGHT,uci-14646-C564899,2011-08-31T11:31:00+00:00,0,465.60,465.60,refunded,GBP
14646,UCI Customer 14646,2010-12-20T10:09:00+00:00,RABBIT NIGHT LIGHT,uci-14646-565967,2011-09-08T11:27:00+00:00,1944.60,1944.60,0,completed,GBP
14646,UCI Customer 14646,2010-12-20T10:09:00+00:00,RABBIT NIGHT LIGHT,uci-14646-565975,2011-09-08T11:28:00+00:00,2.08,2.08,0,completed,GBP
14646,UCI Customer 14646,2010-12-20T10:09:00+00:00,RABBIT NIGHT LIGHT,uci-14646-566557,2011-09-13T11:47:00+00:00,8281.12,8281.12,0,completed,GBP
14646,UCI Customer 14646,2010-12-20T10:09:00+00:00,RABBIT NIGHT LIGHT,uci-14646-567280,2011-09-19T11:46:00+00:00,10267.88,10267.88,0,completed,GBP
14646,UCI Customer 14646,2010-12-20T10:09:00+00:00,RABBIT NIGHT LIGHT,uci-14646-567290,2011-09-19T11:54:00+00:00,5350.40,5350.40,0,completed,GBP
14646,UCI Customer 14646,2010-12-20T10:09:00+00:00,RABBIT NIGHT LIGHT,uci-14646-567795,2011-09-22T11:44:00+00:00,904.62,904.62,0,completed,GBP
14646,UCI Customer 14646,2010-12-20T10:09:00+00:00,RABBIT NIGHT LIGHT,uci-14646-569719,2011-10-06T09:10:00+00:00,788.16,788.16,0,completed,GBP
14646,UCI Customer 14646,2010-12-20T10:09:00+00:00,RABBIT NIGHT LIGHT,uci-14646-569720,2011-10-06T09:11:00+00:00,23.39,23.39,0,completed,GBP
14646,UCI Customer 14646,2010-12-20T10:09:00+00:00,RABBIT NIGHT LIGHT,uci-14646-569735,2011-10-06T10:34:00+00:00,30,30,0,completed,GBP
14646,UCI Customer 14646,2010-12-20T10:09:00+00:00,RABBIT NIGHT LIGHT,uci-14646-572035,2011-10-20T12:03:00+00:00,20277.92,20277.92,0,completed,GBP
14646,UCI Customer 14646,2010-12-20T10:09:00+00:00,RABBIT NIGHT LIGHT,uci-14646-572051,2011-10-20T12:24:00+00:00,4311.48,4311.48,0,completed,GBP
14646,UCI Customer 14646,2010-12-20T10:09:00+00:00,RABBIT NIGHT LIGHT,uci-14646-572052,2011-10-20T12:26:00+00:00,1244.16,1244.16,0,completed,GBP
14646,UCI Customer 14646,2010-12-20T10:09:00+00:00,RABBIT NIGHT LIGHT,uci-14646-572123,2011-10-21T08:40:00+00:00,2314.48,2314.48,0,completed,GBP
14646,UCI Customer 14646,2010-12-20T10:09:00+00:00,RABBIT NIGHT LIGHT,uci-14646-572233,2011-10-21T14:41:00+00:00,930.12,930.12,0,completed,GBP
14646,UCI Customer 14646,2010-12-20T10:09:00+00:00,RABBIT NIGHT LIGHT,uci-14646-572236,2011-10-21T14:42:00+00:00,81.02,81.02,0,completed,GBP
14646,UCI Customer 14646,2010-12-20T10:09:00+00:00,RABBIT NIGHT LIGHT,uci-14646-573002,2011-10-27T12:09:00+00:00,4534.22,4534.22,0,completed,GBP
14646,UCI Customer 14646,2010-12-20T10:09:00+00:00,RABBIT NIGHT LIGHT,uci-14646-573003,2011-10-27T12:11:00+00:00,4992.00,4992.00,0,completed,GBP
14646,UCI Customer 14646,2010-12-20T10:09:00+00:00,RABBIT NIGHT LIGHT,uci-14646-573004,2011-10-27T12:12:00+00:00,469.00,469.00,0,completed,GBP
14646,UCI Customer 14646,2010-12-20T10:09:00+00:00,RABBIT NIGHT LIGHT,uci-14646-574056,2011-11-02T14:09:00+00:00,3949.66,3949.66,0,completed,GBP
14646,UCI Customer 14646,2010-12-20T10:09:00+00:00,RABBIT NIGHT LIGHT,uci-14646-574058,2011-11-02T14:10:00+00:00,449.28,449.28,0,completed,GBP
14646,UCI Customer 14646,2010-12-20T10:09:00+00:00,RABBIT NIGHT LIGHT,uci-14646-574059,2011-11-02T14:13:00+00:00,87.97,87.97,0,completed,GBP
14646,UCI Customer 14646,2010-12-20T10:09:00+00:00,RABBIT NIGHT LIGHT,uci-14646-575508,2011-11-10T10:32:00+00:00,8111.20,8111.20,0,completed,GBP
14646,UCI Customer 14646,2010-12-20T10:09:00+00:00,RABBIT NIGHT LIGHT,uci-14646-575510,2011-11-10T10:33:00+00:00,1549.12,1549.12,0,completed,GBP
14646,UCI Customer 14646,2010-12-20T10:09:00+00:00,RABBIT NIGHT LIGHT,uci-14646-575709,2011-11-10T17:27:00+00:00,162.80,162.80,0,completed,GBP
14646,UCI Customer 14646,2010-12-20T10:09:00+00:00,RABBIT NIGHT LIGHT,uci-14646-576664,2011-11-16T11:41:00+00:00,232.50,232.50,0,completed,GBP
14646,UCI Customer 14646,2010-12-20T10:09:00+00:00,RABBIT NIGHT LIGHT,uci-14646-577326,2011-11-18T14:08:00+00:00,166.00,166.00,0,completed,GBP
14646,UCI Customer 14646,2010-12-20T10:09:00+00:00,RABBIT NIGHT LIGHT,uci-14646-578034,2011-11-22T13:47:00+00:00,588.24,588.24,0,completed,GBP
14646,UCI Customer 14646,2010-12-20T10:09:00+00:00,RABBIT NIGHT LIGHT,uci-14646-578140,2011-11-23T10:58:00+00:00,7952.68,7952.68,0,completed,GBP
14646,UCI Customer 14646,2010-12-20T10:09:00+00:00,RABBIT NIGHT LIGHT,uci-14646-578141,2011-11-23T11:04:00+00:00,290.00,290.00,0,completed,GBP
14646,UCI Customer 14646,2010-12-20T10:09:00+00:00,RABBIT NIGHT LIGHT,uci-14646-578143,2011-11-23T11:06:00+00:00,1835.96,1835.96,0,completed,GBP
14646,UCI Customer 14646,2010-12-20T10:09:00+00:00,RABBIT NIGHT LIGHT,uci-14646-581175,2011-12-07T15:16:00+00:00,10901.54,10901.54,0,completed,GBP
14646,UCI Customer 14646,2010-12-20T10:09:00+00:00,RABBIT NIGHT LIGHT,uci-14646-581176,2011-12-07T15:19:00+00:00,575.88,575.88,0,completed,GBP
14646,UCI Customer 14646,2010-12-20T10:09:00+00:00,RABBIT NIGHT LIGHT,uci-14646-581338,2011-12-08T12:12:00+00:00,250.60,250.60,0,completed,GBP
13408,UCI Customer 13408,2010-12-01T10:39:00+00:00,WHITE HANGING HEART T-LIGHT HOLDER,uci-13408-562262,2011-08-03T15:39:00+00:00,66.00,66.00,0,completed,GBP
13408,UCI Customer 13408,2010-12-01T10:39:00+00:00,WHITE HANGING HEART T-LIGHT HOLDER,uci-13408-C562514,2011-08-05T12:20:00+00:00,0,11.95,11.95,refunded,GBP
13408,UCI Customer 13408,2010-12-01T10:39:00+00:00,WHITE HANGING HEART T-LIGHT HOLDER,uci-13408-C562515,2011-08-05T12:22:00+00:00,0,43.63,43.63,refunded,GBP
13408,UCI Customer 13408,2010-12-01T10:39:00+00:00,WHITE HANGING HEART T-LIGHT HOLDER,uci-13408-563014,2011-08-11T12:17:00+00:00,383.96,383.96,0,completed,GBP
13408,UCI Customer 13408,2010-12-01T10:39:00+00:00,WHITE HANGING HEART T-LIGHT HOLDER,uci-13408-564019,2011-08-22T11:54:00+00:00,463.82,463.82,0,completed,GBP
13408,UCI Customer 13408,2010-12-01T10:39:00+00:00,WHITE HANGING HEART T-LIGHT HOLDER,uci-13408-564538,2011-08-25T15:21:00+00:00,601.88,601.88,0,completed,GBP
13408,UCI Customer 13408,2010-12-01T10:39:00+00:00,WHITE HANGING HEART T-LIGHT HOLDER,uci-13408-C564592,2011-08-26T11:27:00+00:00,0,13.16,13.16,refunded,GBP
13408,UCI Customer 13408,2010-12-01T10:39:00+00:00,WHITE HANGING HEART T-LIGHT HOLDER,uci-13408-C565075,2011-08-31T17:25:00+00:00,0,74.69,74.69,refunded,GBP
13408,UCI Customer 13408,2010-12-01T10:39:00+00:00,WHITE HANGING HEART T-LIGHT HOLDER,uci-13408-565093,2011-09-01T10:38:00+00:00,428.60,428.60,0,completed,GBP
13408,UCI Customer 13408,2010-12-01T10:39:00+00:00,WHITE HANGING HEART T-LIGHT HOLDER,uci-13408-C565390,2011-09-02T16:23:00+00:00,0,110.43,110.43,refunded,GBP
13408,UCI Customer 13408,2010-12-01T10:39:00+00:00,WHITE HANGING HEART T-LIGHT HOLDER,uci-13408-566228,2011-09-11T10:52:00+00:00,889.40,889.40,0,completed,GBP
13408,UCI Customer 13408,2010-12-01T10:39:00+00:00,WHITE HANGING HEART T-LIGHT HOLDER,uci-13408-566229,2011-09-11T10:53:00+00:00,174.84,174.84,0,completed,GBP
13408,UCI Customer 13408,2010-12-01T10:39:00+00:00,WHITE HANGING HEART T-LIGHT HOLDER,uci-13408-566722,2011-09-14T12:51:00+00:00,466.52,466.52,0,completed,GBP
13408,UCI Customer 13408,2010-12-01T10:39:00+00:00,WHITE HANGING HEART T-LIGHT HOLDER,uci-13408-568187,2011-09-25T14:32:00+00:00,974.14,974.14,0,completed,GBP
13408,UCI Customer 13408,2010-12-01T10:39:00+00:00,WHITE HANGING HEART T-LIGHT HOLDER,uci-13408-568195,2011-09-25T14:41:00+00:00,40.00,40.00,0,completed,GBP
13408,UCI Customer 13408,2010-12-01T10:39:00+00:00,WHITE HANGING HEART T-LIGHT HOLDER,uci-13408-569479,2011-10-04T12:41:00+00:00,971.46,971.46,0,completed,GBP
13408,UCI Customer 13408,2010-12-01T10:39:00+00:00,WHITE HANGING HEART T-LIGHT HOLDER,uci-13408-569480,2011-10-04T12:42:00+00:00,23.80,23.80,0,completed,GBP
13408,UCI Customer 13408,2010-12-01T10:39:00+00:00,WHITE HANGING HEART T-LIGHT HOLDER,uci-13408-C570471,2011-10-10T16:37:00+00:00,0,11.25,11.25,refunded,GBP
13408,UCI Customer 13408,2010-12-01T10:39:00+00:00,WHITE HANGING HEART T-LIGHT HOLDER,uci-13408-572870,2011-10-26T13:22:00+00:00,309.76,309.76,0,completed,GBP
13408,UCI Customer 13408,2010-12-01T10:39:00+00:00,WHITE HANGING HEART T-LIGHT HOLDER,uci-13408-572871,2011-10-26T13:24:00+00:00,327.98,327.98,0,completed,GBP
13408,UCI Customer 13408,2010-12-01T10:39:00+00:00,WHITE HANGING HEART T-LIGHT HOLDER,uci-13408-572874,2011-10-26T13:28:00+00:00,397.02,397.02,0,completed,GBP
13408,UCI Customer 13408,2010-12-01T10:39:00+00:00,WHITE HANGING HEART T-LIGHT HOLDER,uci-13408-572879,2011-10-26T13:34:00+00:00,118.44,118.44,0,completed,GBP
13408,UCI Customer 13408,2010-12-01T10:39:00+00:00,WHITE HANGING HEART T-LIGHT HOLDER,uci-13408-C574238,2011-11-03T12:39:00+00:00,0,63.13,63.13,refunded,GBP
13408,UCI Customer 13408,2010-12-01T10:39:00+00:00,WHITE HANGING HEART T-LIGHT HOLDER,uci-13408-574280,2011-11-03T14:47:00+00:00,660.70,660.70,0,completed,GBP
13408,UCI Customer 13408,2010-12-01T10:39:00+00:00,WHITE HANGING HEART T-LIGHT HOLDER,uci-13408-575256,2011-11-09T11:58:00+00:00,550.44,550.44,0,completed,GBP
13408,UCI Customer 13408,2010-12-01T10:39:00+00:00,WHITE HANGING HEART T-LIGHT HOLDER,uci-13408-C575841,2011-11-11T11:58:00+00:00,0,15.00,15.00,refunded,GBP
13408,UCI Customer 13408,2010-12-01T10:39:00+00:00,WHITE HANGING HEART T-LIGHT HOLDER,uci-13408-C575872,2011-11-11T12:52:00+00:00,0,97.14,97.14,refunded,GBP
13408,UCI Customer 13408,2010-12-01T10:39:00+00:00,WHITE HANGING HEART T-LIGHT HOLDER,uci-13408-576768,2011-11-16T13:13:00+00:00,1145.32,1145.32,0,completed,GBP
13408,UCI Customer 13408,2010-12-01T10:39:00+00:00,WHITE HANGING HEART T-LIGHT HOLDER,uci-13408-577820,2011-11-22T09:24:00+00:00,604.00,604.00,0,completed,GBP
13408,UCI Customer 13408,2010-12-01T10:39:00+00:00,WHITE HANGING HEART T-LIGHT HOLDER,uci-13408-578127,2011-11-23T10:36:00+00:00,472.60,472.60,0,completed,GBP
13408,UCI Customer 13408,2010-12-01T10:39:00+00:00,WHITE HANGING HEART T-LIGHT HOLDER,uci-13408-579150,2011-11-28T13:25:00+00:00,605.40,605.40,0,completed,GBP
13408,UCI Customer 13408,2010-12-01T10:39:00+00:00,WHITE HANGING HEART T-LIGHT HOLDER,uci-13408-579151,2011-11-28T13:25:00+00:00,139.92,139.92,0,completed,GBP
13408,UCI Customer 13408,2010-12-01T10:39:00+00:00,WHITE HANGING HEART T-LIGHT HOLDER,uci-13408-C579992,2011-12-01T11:21:00+00:00,0,18.75,18.75,refunded,GBP
13408,UCI Customer 13408,2010-12-01T10:39:00+00:00,WHITE HANGING HEART T-LIGHT HOLDER,uci-13408-580096,2011-12-01T14:55:00+00:00,545.78,545.78,0,completed,GBP
13408,UCI Customer 13408,2010-12-01T10:39:00+00:00,WHITE HANGING HEART T-LIGHT HOLDER,uci-13408-580894,2011-12-06T12:41:00+00:00,417.00,417.00,0,completed,GBP
13408,UCI Customer 13408,2010-12-01T10:39:00+00:00,WHITE HANGING HEART T-LIGHT HOLDER,uci-13408-581215,2011-12-08T09:05:00+00:00,445.84,445.84,0,completed,GBP
18102,UCI Customer 18102,2010-12-07T16:42:00+00:00,VINTAGE UNION JACK MEMOBOARD,uci-18102-561655,2011-07-28T16:00:00+00:00,6591.60,6591.60,0,completed,GBP
18102,UCI Customer 18102,2010-12-07T16:42:00+00:00,VINTAGE UNION JACK MEMOBOARD,uci-18102-562541,2011-08-05T15:39:00+00:00,985.92,985.92,0,completed,GBP
18102,UCI Customer 18102,2010-12-07T16:42:00+00:00,VINTAGE UNION JACK MEMOBOARD,uci-18102-565291,2011-09-02T11:53:00+00:00,4913.52,4913.52,0,completed,GBP
18102,UCI Customer 18102,2010-12-07T16:42:00+00:00,VINTAGE UNION JACK MEMOBOARD,uci-18102-566931,2011-09-15T15:27:00+00:00,5725.00,5725.00,0,completed,GBP
18102,UCI Customer 18102,2010-12-07T16:42:00+00:00,VINTAGE UNION JACK MEMOBOARD,uci-18102-566933,2011-09-15T15:30:00+00:00,1465.60,1465.60,0,completed,GBP
18102,UCI Customer 18102,2010-12-07T16:42:00+00:00,VINTAGE UNION JACK MEMOBOARD,uci-18102-566934,2011-09-15T15:34:00+00:00,13249.94,13249.94,0,completed,GBP
18102,UCI Customer 18102,2010-12-07T16:42:00+00:00,VINTAGE UNION JACK MEMOBOARD,uci-18102-566935,2011-09-15T15:35:00+00:00,6870.00,6870.00,0,completed,GBP
18102,UCI Customer 18102,2010-12-07T16:42:00+00:00,VINTAGE UNION JACK MEMOBOARD,uci-18102-566936,2011-09-15T15:35:00+00:00,4351.00,4351.00,0,completed,GBP
18102,UCI Customer 18102,2010-12-07T16:42:00+00:00,VINTAGE UNION JACK MEMOBOARD,uci-18102-567747,2011-09-22T10:48:00+00:00,389.76,389.76,0,completed,GBP
18102,UCI Customer 18102,2010-12-07T16:42:00+00:00,VINTAGE UNION JACK MEMOBOARD,uci-18102-567785,2011-09-22T11:28:00+00:00,1074.00,1074.00,0,completed,GBP
18102,UCI Customer 18102,2010-12-07T16:42:00+00:00,VINTAGE UNION JACK MEMOBOARD,uci-18102-567803,2011-09-22T12:11:00+00:00,3877.56,3877.56,0,completed,GBP
18102,UCI Customer 18102,2010-12-07T16:42:00+00:00,VINTAGE UNION JACK MEMOBOARD,uci-18102-567806,2011-09-22T12:22:00+00:00,452.84,452.84,0,completed,GBP
18102,UCI Customer 18102,2010-12-07T16:42:00+00:00,VINTAGE UNION JACK MEMOBOARD,uci-18102-567852,2011-09-22T13:21:00+00:00,4117.40,4117.40,0,completed,GBP
18102,UCI Customer 18102,2010-12-07T16:42:00+00:00,VINTAGE UNION JACK MEMOBOARD,uci-18102-567860,2011-09-22T13:53:00+00:00,295.96,295.96,0,completed,GBP
18102,UCI Customer 18102,2010-12-07T16:42:00+00:00,VINTAGE UNION JACK MEMOBOARD,uci-18102-568717,2011-09-28T16:17:00+00:00,2748.00,2748.00,0,completed,GBP
18102,UCI Customer 18102,2010-12-07T16:42:00+00:00,VINTAGE UNION JACK MEMOBOARD,uci-18102-568718,2011-09-28T16:17:00+00:00,91.60,91.60,0,completed,GBP
18102,UCI Customer 18102,2010-12-07T16:42:00+00:00,VINTAGE UNION JACK MEMOBOARD,uci-18102-569255,2011-10-03T11:01:00+00:00,5164.66,5164.66,0,completed,GBP
18102,UCI Customer 18102,2010-12-07T16:42:00+00:00,VINTAGE UNION JACK MEMOBOARD,uci-18102-569257,2011-10-03T11:24:00+00:00,2350.98,2350.98,0,completed,GBP
18102,UCI Customer 18102,2010-12-07T16:42:00+00:00,VINTAGE UNION JACK MEMOBOARD,uci-18102-569263,2011-10-03T11:37:00+00:00,4849.10,4849.10,0,completed,GBP
18102,UCI Customer 18102,2010-12-07T16:42:00+00:00,VINTAGE UNION JACK MEMOBOARD,uci-18102-569343,2011-10-03T14:34:00+00:00,7298.76,7298.76,0,completed,GBP
18102,UCI Customer 18102,2010-12-07T16:42:00+00:00,VINTAGE UNION JACK MEMOBOARD,uci-18102-569362,2011-10-03T15:06:00+00:00,1023.96,1023.96,0,completed,GBP
18102,UCI Customer 18102,2010-12-07T16:42:00+00:00,VINTAGE UNION JACK MEMOBOARD,uci-18102-569365,2011-10-03T15:24:00+00:00,1094.71,1094.71,0,completed,GBP
18102,UCI Customer 18102,2010-12-07T16:42:00+00:00,VINTAGE UNION JACK MEMOBOARD,uci-18102-569366,2011-10-03T15:26:00+00:00,647.52,647.52,0,completed,GBP
18102,UCI Customer 18102,2010-12-07T16:42:00+00:00,VINTAGE UNION JACK MEMOBOARD,uci-18102-569539,2011-10-04T15:58:00+00:00,557.76,557.76,0,completed,GBP
18102,UCI Customer 18102,2010-12-07T16:42:00+00:00,VINTAGE UNION JACK MEMOBOARD,uci-18102-572196,2011-10-21T11:54:00+00:00,7398.54,7398.54,0,completed,GBP
18102,UCI Customer 18102,2010-12-07T16:42:00+00:00,VINTAGE UNION JACK MEMOBOARD,uci-18102-572197,2011-10-21T11:56:00+00:00,89.28,89.28,0,completed,GBP
18102,UCI Customer 18102,2010-12-07T16:42:00+00:00,VINTAGE UNION JACK MEMOBOARD,uci-18102-572209,2011-10-21T12:08:00+00:00,22206.00,22206.00,0,completed,GBP
18102,UCI Customer 18102,2010-12-07T16:42:00+00:00,VINTAGE UNION JACK MEMOBOARD,uci-18102-574341,2011-11-04T10:09:00+00:00,4557.60,4557.60,0,completed,GBP
18102,UCI Customer 18102,2010-12-07T16:42:00+00:00,VINTAGE UNION JACK MEMOBOARD,uci-18102-574352,2011-11-04T10:38:00+00:00,5292.72,5292.72,0,completed,GBP
18102,UCI Customer 18102,2010-12-07T16:42:00+00:00,VINTAGE UNION JACK MEMOBOARD,uci-18102-574355,2011-11-04T10:48:00+00:00,85.32,85.32,0,completed,GBP
18102,UCI Customer 18102,2010-12-07T16:42:00+00:00,VINTAGE UNION JACK MEMOBOARD,uci-18102-574363,2011-11-04T10:57:00+00:00,5028.76,5028.76,0,completed,GBP
18102,UCI Customer 18102,2010-12-07T16:42:00+00:00,VINTAGE UNION JACK MEMOBOARD,uci-18102-574383,2011-11-04T11:03:00+00:00,80.60,80.60,0,completed,GBP
18102,UCI Customer 18102,2010-12-07T16:42:00+00:00,VINTAGE UNION JACK MEMOBOARD,uci-18102-579139,2011-11-28T12:55:00+00:00,286.08,286.08,0,completed,GBP
18102,UCI Customer 18102,2010-12-07T16:42:00+00:00,VINTAGE UNION JACK MEMOBOARD,uci-18102-581455,2011-12-08T18:25:00+00:00,652.28,652.28,0,completed,GBP
18102,UCI Customer 18102,2010-12-07T16:42:00+00:00,VINTAGE UNION JACK MEMOBOARD,uci-18102-581457,2011-12-08T18:43:00+00:00,10363.82,10363.82,0,completed,GBP
18102,UCI Customer 18102,2010-12-07T16:42:00+00:00,VINTAGE UNION JACK MEMOBOARD,uci-18102-581566,2011-12-09T11:50:00+00:00,469.44,469.44,0,completed,GBP
13798,UCI Customer 13798,2010-12-02T17:24:00+00:00,WHITE HANGING HEART T-LIGHT HOLDER,uci-13798-551021,2011-04-26T11:25:00+00:00,326.40,326.40,0,completed,GBP
13798,UCI Customer 13798,2010-12-02T17:24:00+00:00,WHITE HANGING HEART T-LIGHT HOLDER,uci-13798-551725,2011-05-04T08:15:00+00:00,565.00,565.00,0,completed,GBP
13798,UCI Customer 13798,2010-12-02T17:24:00+00:00,WHITE HANGING HEART T-LIGHT HOLDER,uci-13798-551726,2011-05-04T08:17:00+00:00,593.52,593.52,0,completed,GBP
13798,UCI Customer 13798,2010-12-02T17:24:00+00:00,WHITE HANGING HEART T-LIGHT HOLDER,uci-13798-552450,2011-05-09T13:51:00+00:00,967.52,967.52,0,completed,GBP
13798,UCI Customer 13798,2010-12-02T17:24:00+00:00,WHITE HANGING HEART T-LIGHT HOLDER,uci-13798-553093,2011-05-13T11:54:00+00:00,558.94,558.94,0,completed,GBP
13798,UCI Customer 13798,2010-12-02T17:24:00+00:00,WHITE HANGING HEART T-LIGHT HOLDER,uci-13798-553099,2011-05-13T11:56:00+00:00,127.50,127.50,0,completed,GBP
13798,UCI Customer 13798,2010-12-02T17:24:00+00:00,WHITE HANGING HEART T-LIGHT HOLDER,uci-13798-553713,2011-05-18T15:47:00+00:00,325.40,325.40,0,completed,GBP
13798,UCI Customer 13798,2010-12-02T17:24:00+00:00,WHITE HANGING HEART T-LIGHT HOLDER,uci-13798-554156,2011-05-23T11:28:00+00:00,366.00,366.00,0,completed,GBP
13798,UCI Customer 13798,2010-12-02T17:24:00+00:00,WHITE HANGING HEART T-LIGHT HOLDER,uci-13798-554815,2011-05-26T13:46:00+00:00,589.78,589.78,0,completed,GBP
13798,UCI Customer 13798,2010-12-02T17:24:00+00:00,WHITE HANGING HEART T-LIGHT HOLDER,uci-13798-554943,2011-05-27T14:10:00+00:00,556.30,556.30,0,completed,GBP
13798,UCI Customer 13798,2010-12-02T17:24:00+00:00,WHITE HANGING HEART T-LIGHT HOLDER,uci-13798-555632,2011-06-06T12:16:00+00:00,509.20,509.20,0,completed,GBP
13798,UCI Customer 13798,2010-12-02T17:24:00+00:00,WHITE HANGING HEART T-LIGHT HOLDER,uci-13798-556461,2011-06-12T10:15:00+00:00,830.54,830.54,0,completed,GBP
13798,UCI Customer 13798,2010-12-02T17:24:00+00:00,WHITE HANGING HEART T-LIGHT HOLDER,uci-13798-557470,2011-06-20T13:21:00+00:00,589.44,589.44,0,completed,GBP
13798,UCI Customer 13798,2010-12-02T17:24:00+00:00,WHITE HANGING HEART T-LIGHT HOLDER,uci-13798-558248,2011-06-27T16:48:00+00:00,576.08,576.08,0,completed,GBP
13798,UCI Customer 13798,2010-12-02T17:24:00+00:00,WHITE HANGING HEART T-LIGHT HOLDER,uci-13798-559204,2011-07-07T11:02:00+00:00,909.24,909.24,0,completed,GBP
13798,UCI Customer 13798,2010-12-02T17:24:00+00:00,WHITE HANGING HEART T-LIGHT HOLDER,uci-13798-560597,2011-07-19T16:54:00+00:00,326.40,326.40,0,completed,GBP
13798,UCI Customer 13798,2010-12-02T17:24:00+00:00,WHITE HANGING HEART T-LIGHT HOLDER,uci-13798-562109,2011-08-02T15:42:00+00:00,465.56,465.56,0,completed,GBP
13798,UCI Customer 13798,2010-12-02T17:24:00+00:00,WHITE HANGING HEART T-LIGHT HOLDER,uci-13798-562722,2011-08-08T16:43:00+00:00,1109.34,1109.34,0,completed,GBP
13798,UCI Customer 13798,2010-12-02T17:24:00+00:00,WHITE HANGING HEART T-LIGHT HOLDER,uci-13798-564248,2011-08-24T10:37:00+00:00,457.92,457.92,0,completed,GBP
13798,UCI Customer 13798,2010-12-02T17:24:00+00:00,WHITE HANGING HEART T-LIGHT HOLDER,uci-13798-565901,2011-09-07T15:34:00+00:00,1094.90,1094.90,0,completed,GBP
13798,UCI Customer 13798,2010-12-02T17:24:00+00:00,WHITE HANGING HEART T-LIGHT HOLDER,uci-13798-566334,2011-09-12T12:24:00+00:00,410.08,410.08,0,completed,GBP
13798,UCI Customer 13798,2010-12-02T17:24:00+00:00,WHITE HANGING HEART T-LIGHT HOLDER,uci-13798-566619,2011-09-14T09:16:00+00:00,327.80,327.80,0,completed,GBP
13798,UCI Customer 13798,2010-12-02T17:24:00+00:00,WHITE HANGING HEART T-LIGHT HOLDER,uci-13798-568653,2011-09-28T12:16:00+00:00,522.48,522.48,0,completed,GBP
13798,UCI Customer 13798,2010-12-02T17:24:00+00:00,WHITE HANGING HEART T-LIGHT HOLDER,uci-13798-569706,2011-10-05T16:31:00+00:00,356.60,356.60,0,completed,GBP
13798,UCI Customer 13798,2010-12-02T17:24:00+00:00,WHITE HANGING HEART T-LIGHT HOLDER,uci-13798-C570099,2011-10-07T12:11:00+00:00,0,110.10,110.10,refunded,GBP
13798,UCI Customer 13798,2010-12-02T17:24:00+00:00,WHITE HANGING HEART T-LIGHT HOLDER,uci-13798-570115,2011-10-07T12:37:00+00:00,1482.20,1482.20,0,completed,GBP
13798,UCI Customer 13798,2010-12-02T17:24:00+00:00,WHITE HANGING HEART T-LIGHT HOLDER,uci-13798-571299,2011-10-17T08:30:00+00:00,358.00,358.00,0,completed,GBP
13798,UCI Customer 13798,2010-12-02T17:24:00+00:00,WHITE HANGING HEART T-LIGHT HOLDER,uci-13798-573168,2011-10-28T09:39:00+00:00,320.42,320.42,0,completed,GBP
13798,UCI Customer 13798,2010-12-02T17:24:00+00:00,WHITE HANGING HEART T-LIGHT HOLDER,uci-13798-574485,2011-11-04T12:56:00+00:00,570.92,570.92,0,completed,GBP
13798,UCI Customer 13798,2010-12-02T17:24:00+00:00,WHITE HANGING HEART T-LIGHT HOLDER,uci-13798-575178,2011-11-09T08:11:00+00:00,345.80,345.80,0,completed,GBP
13798,UCI Customer 13798,2010-12-02T17:24:00+00:00,WHITE HANGING HEART T-LIGHT HOLDER,uci-13798-575982,2011-11-13T13:42:00+00:00,718.71,718.71,0,completed,GBP
13798,UCI Customer 13798,2010-12-02T17:24:00+00:00,WHITE HANGING HEART T-LIGHT HOLDER,uci-13798-577973,2011-11-22T12:13:00+00:00,394.14,394.14,0,completed,GBP
13798,UCI Customer 13798,2010-12-02T17:24:00+00:00,WHITE HANGING HEART T-LIGHT HOLDER,uci-13798-579126,2011-11-28T12:19:00+00:00,348.32,348.32,0,completed,GBP
13798,UCI Customer 13798,2010-12-02T17:24:00+00:00,WHITE HANGING HEART T-LIGHT HOLDER,uci-13798-580258,2011-12-02T12:28:00+00:00,672.80,672.80,0,completed,GBP
13798,UCI Customer 13798,2010-12-02T17:24:00+00:00,WHITE HANGING HEART T-LIGHT HOLDER,uci-13798-581139,2011-12-07T13:21:00+00:00,822.68,822.68,0,completed,GBP
13798,UCI Customer 13798,2010-12-02T17:24:00+00:00,WHITE HANGING HEART T-LIGHT HOLDER,uci-13798-581432,2011-12-08T15:51:00+00:00,341.76,341.76,0,completed,GBP
14156,UCI Customer 14156,2010-12-02T17:08:00+00:00,3 TIER CAKE TIN RED AND CREAM,uci-14156-560445,2011-07-19T09:08:00+00:00,11134.34,11134.34,0,completed,GBP
14156,UCI Customer 14156,2010-12-02T17:08:00+00:00,3 TIER CAKE TIN RED AND CREAM,uci-14156-560446,2011-07-19T09:10:00+00:00,532.32,532.32,0,completed,GBP
14156,UCI Customer 14156,2010-12-02T17:08:00+00:00,3 TIER CAKE TIN RED AND CREAM,uci-14156-561901,2011-07-31T15:42:00+00:00,13464.26,13464.26,0,completed,GBP
14156,UCI Customer 14156,2010-12-02T17:08:00+00:00,3 TIER CAKE TIN RED AND CREAM,uci-14156-562560,2011-08-05T17:12:00+00:00,1572.73,1572.73,0,completed,GBP
14156,UCI Customer 14156,2010-12-02T17:08:00+00:00,3 TIER CAKE TIN RED AND CREAM,uci-14156-562935,2011-08-10T17:11:00+00:00,1253.05,1253.05,0,completed,GBP
14156,UCI Customer 14156,2010-12-02T17:08:00+00:00,3 TIER CAKE TIN RED AND CREAM,uci-14156-C562938,2011-08-10T17:14:00+00:00,0,1121.18,1121.18,refunded,GBP
14156,UCI Customer 14156,2010-12-02T17:08:00+00:00,3 TIER CAKE TIN RED AND CREAM,uci-14156-563355,2011-08-15T14:39:00+00:00,467.42,467.42,0,completed,GBP
14156,UCI Customer 14156,2010-12-02T17:08:00+00:00,3 TIER CAKE TIN RED AND CREAM,uci-14156-563558,2011-08-17T13:40:00+00:00,1544.01,1544.01,0,completed,GBP
14156,UCI Customer 14156,2010-12-02T17:08:00+00:00,3 TIER CAKE TIN RED AND CREAM,uci-14156-563559,2011-08-17T13:45:00+00:00,34.68,34.68,0,completed,GBP
14156,UCI Customer 14156,2010-12-02T17:08:00+00:00,3 TIER CAKE TIN RED AND CREAM,uci-14156-565412,2011-09-04T11:36:00+00:00,629.04,629.04,0,completed,GBP
14156,UCI Customer 14156,2010-12-02T17:08:00+00:00,3 TIER CAKE TIN RED AND CREAM,uci-14156-565474,2011-09-05T10:34:00+00:00,50,50,0,completed,GBP
14156,UCI Customer 14156,2010-12-02T17:08:00+00:00,3 TIER CAKE TIN RED AND CREAM,uci-14156-565475,2011-09-05T10:47:00+00:00,7480.06,7480.06,0,completed,GBP
14156,UCI Customer 14156,2010-12-02T17:08:00+00:00,3 TIER CAKE TIN RED AND CREAM,uci-14156-565476,2011-09-05T10:48:00+00:00,958.80,958.80,0,completed,GBP
14156,UCI Customer 14156,2010-12-02T17:08:00+00:00,3 TIER CAKE TIN RED AND CREAM,uci-14156-C565582,2011-09-05T12:38:00+00:00,0,145.00,145.00,refunded,GBP
14156,UCI Customer 14156,2010-12-02T17:08:00+00:00,3 TIER CAKE TIN RED AND CREAM,uci-14156-565748,2011-09-06T12:38:00+00:00,4005.35,4005.35,0,completed,GBP
14156,UCI Customer 14156,2010-12-02T17:08:00+00:00,3 TIER CAKE TIN RED AND CREAM,uci-14156-565749,2011-09-06T12:44:00+00:00,228.84,228.84,0,completed,GBP
14156,UCI Customer 14156,2010-12-02T17:08:00+00:00,3 TIER CAKE TIN RED AND CREAM,uci-14156-565916,2011-09-07T16:00:00+00:00,504.35,504.35,0,completed,GBP
14156,UCI Customer 14156,2010-12-02T17:08:00+00:00,3 TIER CAKE TIN RED AND CREAM,uci-14156-569010,2011-09-30T07:36:00+00:00,5867.08,5867.08,0,completed,GBP
14156,UCI Customer 14156,2010-12-02T17:08:00+00:00,3 TIER CAKE TIN RED AND CREAM,uci-14156-570253,2011-10-10T09:18:00+00:00,1974.00,1974.00,0,completed,GBP
14156,UCI Customer 14156,2010-12-02T17:08:00+00:00,3 TIER CAKE TIN RED AND CREAM,uci-14156-570700,2011-10-12T09:29:00+00:00,419.85,419.85,0,completed,GBP
14156,UCI Customer 14156,2010-12-02T17:08:00+00:00,3 TIER CAKE TIN RED AND CREAM,uci-14156-571129,2011-10-14T10:03:00+00:00,406.84,406.84,0,completed,GBP
14156,UCI Customer 14156,2010-12-02T17:08:00+00:00,3 TIER CAKE TIN RED AND CREAM,uci-14156-571313,2011-10-17T10:42:00+00:00,728.24,728.24,0,completed,GBP
14156,UCI Customer 14156,2010-12-02T17:08:00+00:00,3 TIER CAKE TIN RED AND CREAM,uci-14156-571314,2011-10-17T10:43:00+00:00,894.64,894.64,0,completed,GBP
14156,UCI Customer 14156,2010-12-02T17:08:00+00:00,3 TIER CAKE TIN RED AND CREAM,uci-14156-571562,2011-10-18T10:04:00+00:00,704.02,704.02,0,completed,GBP
14156,UCI Customer 14156,2010-12-02T17:08:00+00:00,3 TIER CAKE TIN RED AND CREAM,uci-14156-572124,2011-10-21T08:47:00+00:00,773.94,773.94,0,completed,GBP
14156,UCI Customer 14156,2010-12-02T17:08:00+00:00,3 TIER CAKE TIN RED AND CREAM,uci-14156-C572486,2011-10-24T13:51:00+00:00,0,27.20,27.20,refunded,GBP
14156,UCI Customer 14156,2010-12-02T17:08:00+00:00,3 TIER CAKE TIN RED AND CREAM,uci-14156-C574496,2011-11-04T13:13:00+00:00,0,3.40,3.40,refunded,GBP
14156,UCI Customer 14156,2010-12-02T17:08:00+00:00,3 TIER CAKE TIN RED AND CREAM,uci-14156-C574527,2011-11-04T13:58:00+00:00,0,96.96,96.96,refunded,GBP
14156,UCI Customer 14156,2010-12-02T17:08:00+00:00,3 TIER CAKE TIN RED AND CREAM,uci-14156-574841,2011-11-07T11:42:00+00:00,397.43,397.43,0,completed,GBP
14156,UCI Customer 14156,2010-12-02T17:08:00+00:00,3 TIER CAKE TIN RED AND CREAM,uci-14156-C575174,2011-11-08T17:56:00+00:00,0,4.25,4.25,refunded,GBP
14156,UCI Customer 14156,2010-12-02T17:08:00+00:00,3 TIER CAKE TIN RED AND CREAM,uci-14156-575735,2011-11-11T08:46:00+00:00,370.80,370.80,0,completed,GBP
14156,UCI Customer 14156,2010-12-02T17:08:00+00:00,3 TIER CAKE TIN RED AND CREAM,uci-14156-576602,2011-11-15T15:20:00+00:00,832.58,832.58,0,completed,GBP
14156,UCI Customer 14156,2010-12-02T17:08:00+00:00,3 TIER CAKE TIN RED AND CREAM,uci-14156-576653,2011-11-16T10:45:00+00:00,4391.16,4391.16,0,completed,GBP
14156,UCI Customer 14156,2010-12-02T17:08:00+00:00,3 TIER CAKE TIN RED AND CREAM,uci-14156-C577384,2011-11-18T16:50:00+00:00,0,6.40,6.40,refunded,GBP
14156,UCI Customer 14156,2010-12-02T17:08:00+00:00,3 TIER CAKE TIN RED AND CREAM,uci-14156-C578136,2011-11-23T10:57:00+00:00,0,29.85,29.85,refunded,GBP
14156,UCI Customer 14156,2010-12-02T17:08:00+00:00,3 TIER CAKE TIN RED AND CREAM,uci-14156-579553,2011-11-30T10:54:00+00:00,760.71,760.71,0,completed,GBP
14527,UCI Customer 14527,2010-12-01T09:41:00+00:00,ENAMEL BREAD BIN CREAM,uci-14527-C559992,2011-07-14T12:30:00+00:00,0,13.99,13.99,refunded,GBP
14527,UCI Customer 14527,2010-12-01T09:41:00+00:00,ENAMEL BREAD BIN CREAM,uci-14527-560839,2011-07-21T12:23:00+00:00,121.54,121.54,0,completed,GBP
14527,UCI Customer 14527,2010-12-01T09:41:00+00:00,ENAMEL BREAD BIN CREAM,uci-14527-C560842,2011-07-21T12:25:00+00:00,0,12.15,12.15,refunded,GBP
14527,UCI Customer 14527,2010-12-01T09:41:00+00:00,ENAMEL BREAD BIN CREAM,uci-14527-561463,2011-07-27T12:38:00+00:00,260.56,260.56,0,completed,GBP
14527,UCI Customer 14527,2010-12-01T09:41:00+00:00,ENAMEL BREAD BIN CREAM,uci-14527-C561464,2011-07-27T12:40:00+00:00,0,26.05,26.05,refunded,GBP
14527,UCI Customer 14527,2010-12-01T09:41:00+00:00,ENAMEL BREAD BIN CREAM,uci-14527-561630,2011-07-28T14:16:00+00:00,23.50,23.50,0,completed,GBP
14527,UCI Customer 14527,2010-12-01T09:41:00+00:00,ENAMEL BREAD BIN CREAM,uci-14527-562201,2011-08-03T12:31:00+00:00,166.72,166.72,0,completed,GBP
14527,UCI Customer 14527,2010-12-01T09:41:00+00:00,ENAMEL BREAD BIN CREAM,uci-14527-562840,2011-08-09T16:27:00+00:00,150.74,150.74,0,completed,GBP
14527,UCI Customer 14527,2010-12-01T09:41:00+00:00,ENAMEL BREAD BIN CREAM,uci-14527-563255,2011-08-15T12:07:00+00:00,106.34,106.34,0,completed,GBP
14527,UCI Customer 14527,2010-12-01T09:41:00+00:00,ENAMEL BREAD BIN CREAM,uci-14527-564304,2011-08-24T12:11:00+00:00,130.03,130.03,0,completed,GBP
14527,UCI Customer 14527,2010-12-01T09:41:00+00:00,ENAMEL BREAD BIN CREAM,uci-14527-C564812,2011-08-30T11:45:00+00:00,0,54.80,54.80,refunded,GBP
14527,UCI Customer 14527,2010-12-01T09:41:00+00:00,ENAMEL BREAD BIN CREAM,uci-14527-565312,2011-09-02T12:37:00+00:00,145.02,145.02,0,completed,GBP
14527,UCI Customer 14527,2010-12-01T09:41:00+00:00,ENAMEL BREAD BIN CREAM,uci-14527-C565313,2011-09-02T12:41:00+00:00,0,14.5,14.5,refunded,GBP
14527,UCI Customer 14527,2010-12-01T09:41:00+00:00,ENAMEL BREAD BIN CREAM,uci-14527-566329,2011-09-12T12:20:00+00:00,207.57,207.57,0,completed,GBP
14527,UCI Customer 14527,2010-12-01T09:41:00+00:00,ENAMEL BREAD BIN CREAM,uci-14527-C566475,2011-09-12T18:26:00+00:00,0,20.75,20.75,refunded,GBP
14527,UCI Customer 14527,2010-12-01T09:41:00+00:00,ENAMEL BREAD BIN CREAM,uci-14527-567622,2011-09-21T12:46:00+00:00,186.26,186.26,0,completed,GBP
14527,UCI Customer 14527,2010-12-01T09:41:00+00:00,ENAMEL BREAD BIN CREAM,uci-14527-C567896,2011-09-22T15:59:00+00:00,0,18.62,18.62,refunded,GBP
14527,UCI Customer 14527,2010-12-01T09:41:00+00:00,ENAMEL BREAD BIN CREAM,uci-14527-568875,2011-09-29T12:23:00+00:00,160.70,160.70,0,completed,GBP
14527,UCI Customer 14527,2010-12-01T09:41:00+00:00,ENAMEL BREAD BIN CREAM,uci-14527-569828,2011-10-06T12:35:00+00:00,167.46,167.46,0,completed,GBP
14527,UCI Customer 14527,2010-12-01T09:41:00+00:00,ENAMEL BREAD BIN CREAM,uci-14527-C569829,2011-10-06T12:37:00+00:00,0,32.81,32.81,refunded,GBP
14527,UCI Customer 14527,2010-12-01T09:41:00+00:00,ENAMEL BREAD BIN CREAM,uci-14527-571041,2011-10-13T13:00:00+00:00,131.48,131.48,0,completed,GBP
14527,UCI Customer 14527,2010-12-01T09:41:00+00:00,ENAMEL BREAD BIN CREAM,uci-14527-572045,2011-10-20T12:11:00+00:00,181.95,181.95,0,completed,GBP
14527,UCI Customer 14527,2010-12-01T09:41:00+00:00,ENAMEL BREAD BIN CREAM,uci-14527-572660,2011-10-25T12:30:00+00:00,232.71,232.71,0,completed,GBP
14527,UCI Customer 14527,2010-12-01T09:41:00+00:00,ENAMEL BREAD BIN CREAM,uci-14527-C572659,2011-10-25T12:30:00+00:00,0,80,80,refunded,GBP
14527,UCI Customer 14527,2010-12-01T09:41:00+00:00,ENAMEL BREAD BIN CREAM,uci-14527-C573081,2011-10-27T14:20:00+00:00,0,23.27,23.27,refunded,GBP
14527,UCI Customer 14527,2010-12-01T09:41:00+00:00,ENAMEL BREAD BIN CREAM,uci-14527-573572,2011-10-31T14:03:00+00:00,272.67,272.67,0,completed,GBP
14527,UCI Customer 14527,2010-12-01T09:41:00+00:00,ENAMEL BREAD BIN CREAM,uci-14527-574871,2011-11-07T12:56:00+00:00,148.82,148.82,0,completed,GBP
14527,UCI Customer 14527,2010-12-01T09:41:00+00:00,ENAMEL BREAD BIN CREAM,uci-14527-575855,2011-11-11T12:24:00+00:00,198.29,198.29,0,completed,GBP
14527,UCI Customer 14527,2010-12-01T09:41:00+00:00,ENAMEL BREAD BIN CREAM,uci-14527-576704,2011-11-16T12:29:00+00:00,167.61,167.61,0,completed,GBP
14527,UCI Customer 14527,2010-12-01T09:41:00+00:00,ENAMEL BREAD BIN CREAM,uci-14527-C577227,2011-11-18T12:06:00+00:00,0,78.72,78.72,refunded,GBP
14527,UCI Customer 14527,2010-12-01T09:41:00+00:00,ENAMEL BREAD BIN CREAM,uci-14527-578231,2011-11-23T12:05:00+00:00,286.80,286.80,0,completed,GBP
14527,UCI Customer 14527,2010-12-01T09:41:00+00:00,ENAMEL BREAD BIN CREAM,uci-14527-578923,2011-11-27T12:01:00+00:00,253.13,253.13,0,completed,GBP
14527,UCI Customer 14527,2010-12-01T09:41:00+00:00,ENAMEL BREAD BIN CREAM,uci-14527-C579884,2011-11-30T17:34:00+00:00,0,20.53,20.53,refunded,GBP
14527,UCI Customer 14527,2010-12-01T09:41:00+00:00,ENAMEL BREAD BIN CREAM,uci-14527-C579908,2011-12-01T08:49:00+00:00,0,28.68,28.68,refunded,GBP
14527,UCI Customer 14527,2010-12-01T09:41:00+00:00,ENAMEL BREAD BIN CREAM,uci-14527-580043,2011-12-01T12:25:00+00:00,270.61,270.61,0,completed,GBP
14527,UCI Customer 14527,2010-12-01T09:41:00+00:00,ENAMEL BREAD BIN CREAM,uci-14527-581114,2011-12-07T12:19:00+00:00,361.34,361.34,0,completed,GBP
13694,UCI Customer 13694,2010-12-01T12:12:00+00:00,JUMBO BAG RED RETROSPOT,uci-13694-C552564,2011-05-10T11:55:00+00:00,0,716.00,716.00,refunded,GBP
13694,UCI Customer 13694,2010-12-01T12:12:00+00:00,JUMBO BAG RED RETROSPOT,uci-13694-552566,2011-05-10T11:56:00+00:00,716.00,716.00,0,completed,GBP
13694,UCI Customer 13694,2010-12-01T12:12:00+00:00,JUMBO BAG RED RETROSPOT,uci-13694-554552,2011-05-25T09:58:00+00:00,2044.84,2044.84,0,completed,GBP
13694,UCI Customer 13694,2010-12-01T12:12:00+00:00,JUMBO BAG RED RETROSPOT,uci-13694-554554,2011-05-25T10:02:00+00:00,262.55,262.55,0,completed,GBP
13694,UCI Customer 13694,2010-12-01T12:12:00+00:00,JUMBO BAG RED RETROSPOT,uci-13694-C555006,2011-05-31T09:51:00+00:00,0,208.80,208.80,refunded,GBP
13694,UCI Customer 13694,2010-12-01T12:12:00+00:00,JUMBO BAG RED RETROSPOT,uci-13694-555007,2011-05-31T09:52:00+00:00,208.80,208.80,0,completed,GBP
13694,UCI Customer 13694,2010-12-01T12:12:00+00:00,JUMBO BAG RED RETROSPOT,uci-13694-556267,2011-06-09T19:33:00+00:00,3027.31,3027.31,0,completed,GBP
13694,UCI Customer 13694,2010-12-01T12:12:00+00:00,JUMBO BAG RED RETROSPOT,uci-13694-556956,2011-06-16T09:04:00+00:00,1084.24,1084.24,0,completed,GBP
13694,UCI Customer 13694,2010-12-01T12:12:00+00:00,JUMBO BAG RED RETROSPOT,uci-13694-C557521,2011-06-20T17:20:00+00:00,0,18.72,18.72,refunded,GBP
13694,UCI Customer 13694,2010-12-01T12:12:00+00:00,JUMBO BAG RED RETROSPOT,uci-13694-558552,2011-06-30T12:42:00+00:00,1948.92,1948.92,0,completed,GBP
13694,UCI Customer 13694,2010-12-01T12:12:00+00:00,JUMBO BAG RED RETROSPOT,uci-13694-559050,2011-07-05T16:08:00+00:00,600.72,600.72,0,completed,GBP
13694,UCI Customer 13694,2010-12-01T12:12:00+00:00,JUMBO BAG RED RETROSPOT,uci-13694-560883,2011-07-21T16:10:00+00:00,452.71,452.71,0,completed,GBP
13694,UCI Customer 13694,2010-12-01T12:12:00+00:00,JUMBO BAG RED RETROSPOT,uci-13694-560884,2011-07-21T16:12:00+00:00,890.00,890.00,0,completed,GBP
13694,UCI Customer 13694,2010-12-01T12:12:00+00:00,JUMBO BAG RED RETROSPOT,uci-13694-562345,2011-08-04T12:14:00+00:00,1505.64,1505.64,0,completed,GBP
13694,UCI Customer 13694,2010-12-01T12:12:00+00:00,JUMBO BAG RED RETROSPOT,uci-13694-C562796,2011-08-09T14:27:00+00:00,0,64,64,refunded,GBP
13694,UCI Customer 13694,2010-12-01T12:12:00+00:00,JUMBO BAG RED RETROSPOT,uci-13694-563659,2011-08-18T11:00:00+00:00,1459.12,1459.12,0,completed,GBP
13694,UCI Customer 13694,2010-12-01T12:12:00+00:00,JUMBO BAG RED RETROSPOT,uci-13694-563660,2011-08-18T11:03:00+00:00,237.60,237.60,0,completed,GBP
13694,UCI Customer 13694,2010-12-01T12:12:00+00:00,JUMBO BAG RED RETROSPOT,uci-13694-564322,2011-08-24T13:23:00+00:00,2736.99,2736.99,0,completed,GBP
13694,UCI Customer 13694,2010-12-01T12:12:00+00:00,JUMBO BAG RED RETROSPOT,uci-13694-564323,2011-08-24T13:24:00+00:00,2275.00,2275.00,0,completed,GBP
13694,UCI Customer 13694,2010-12-01T12:12:00+00:00,JUMBO BAG RED RETROSPOT,uci-13694-564324,2011-08-24T13:26:00+00:00,1304.44,1304.44,0,completed,GBP
13694,UCI Customer 13694,2010-12-01T12:12:00+00:00,JUMBO BAG RED RETROSPOT,uci-13694-564325,2011-08-24T13:27:00+00:00,189.60,189.60,0,completed,GBP
13694,UCI Customer 13694,2010-12-01T12:12:00+00:00,JUMBO BAG RED RETROSPOT,uci-13694-C565026,2011-08-31T16:34:00+00:00,0,151.2,151.2,refunded,GBP
13694,UCI Customer 13694,2010-12-01T12:12:00+00:00,JUMBO BAG RED RETROSPOT,uci-13694-566866,2011-09-15T12:55:00+00:00,1596.24,1596.24,0,completed,GBP
13694,UCI Customer 13694,2010-12-01T12:12:00+00:00,JUMBO BAG RED RETROSPOT,uci-13694-566867,2011-09-15T12:56:00+00:00,1642.18,1642.18,0,completed,GBP
13694,UCI Customer 13694,2010-12-01T12:12:00+00:00,JUMBO BAG RED RETROSPOT,uci-13694-C568419,2011-09-27T11:16:00+00:00,0,74.88,74.88,refunded,GBP
13694,UCI Customer 13694,2010-12-01T12:12:00+00:00,JUMBO BAG RED RETROSPOT,uci-13694-568797,2011-09-29T10:22:00+00:00,2377.00,2377.00,0,completed,GBP
13694,UCI Customer 13694,2010-12-01T12:12:00+00:00,JUMBO BAG RED RETROSPOT,uci-13694-C570279,2011-10-10T11:06:00+00:00,0,24,24,refunded,GBP
13694,UCI Customer 13694,2010-12-01T12:12:00+00:00,JUMBO BAG RED RETROSPOT,uci-13694-572734,2011-10-25T15:34:00+00:00,1632.63,1632.63,0,completed,GBP
13694,UCI Customer 13694,2010-12-01T12:12:00+00:00,JUMBO BAG RED RETROSPOT,uci-13694-572888,2011-10-26T13:47:00+00:00,605.52,605.52,0,completed,GBP
13694,UCI Customer 13694,2010-12-01T12:12:00+00:00,JUMBO BAG RED RETROSPOT,uci-13694-573263,2011-10-28T12:34:00+00:00,3304.03,3304.03,0,completed,GBP
13694,UCI Customer 13694,2010-12-01T12:12:00+00:00,JUMBO BAG RED RETROSPOT,uci-13694-576179,2011-11-14T11:09:00+00:00,3419.64,3419.64,0,completed,GBP
13694,UCI Customer 13694,2010-12-01T12:12:00+00:00,JUMBO BAG RED RETROSPOT,uci-13694-576180,2011-11-14T11:11:00+00:00,1419.58,1419.58,0,completed,GBP
13694,UCI Customer 13694,2010-12-01T12:12:00+00:00,JUMBO BAG RED RETROSPOT,uci-13694-C576218,2011-11-14T12:57:00+00:00,0,183,183,refunded,GBP
13694,UCI Customer 13694,2010-12-01T12:12:00+00:00,JUMBO BAG RED RETROSPOT,uci-13694-580742,2011-12-06T09:30:00+00:00,1225.00,1225.00,0,completed,GBP
13694,UCI Customer 13694,2010-12-01T12:12:00+00:00,JUMBO BAG RED RETROSPOT,uci-13694-580744,2011-12-06T09:31:00+00:00,1761.16,1761.16,0,completed,GBP
13694,UCI Customer 13694,2010-12-01T12:12:00+00:00,JUMBO BAG RED RETROSPOT,uci-13694-580745,2011-12-06T09:32:00+00:00,145.00,145.00,0,completed,GBP
15061,UCI Customer 15061,2010-12-02T15:19:00+00:00,REGENCY CAKESTAND 3 TIER,uci-15061-C543787,2011-02-11T17:05:00+00:00,0,40.80,40.80,refunded,GBP
15061,UCI Customer 15061,2010-12-02T15:19:00+00:00,REGENCY CAKESTAND 3 TIER,uci-15061-543788,2011-02-11T17:06:00+00:00,2.42,2.42,0,completed,GBP
15061,UCI Customer 15061,2010-12-02T15:19:00+00:00,REGENCY CAKESTAND 3 TIER,uci-15061-545412,2011-03-02T12:24:00+00:00,597.81,597.81,0,completed,GBP
15061,UCI Customer 15061,2010-12-02T15:19:00+00:00,REGENCY CAKESTAND 3 TIER,uci-15061-545413,2011-03-02T12:24:00+00:00,255.00,255.00,0,completed,GBP
15061,UCI Customer 15061,2010-12-02T15:19:00+00:00,REGENCY CAKESTAND 3 TIER,uci-15061-546526,2011-03-14T12:59:00+00:00,285.00,285.00,0,completed,GBP
15061,UCI Customer 15061,2010-12-02T15:19:00+00:00,REGENCY CAKESTAND 3 TIER,uci-15061-546527,2011-03-14T13:00:00+00:00,149.40,149.40,0,completed,GBP
15061,UCI Customer 15061,2010-12-02T15:19:00+00:00,REGENCY CAKESTAND 3 TIER,uci-15061-546540,2011-03-14T15:05:00+00:00,512.28,512.28,0,completed,GBP
15061,UCI Customer 15061,2010-12-02T15:19:00+00:00,REGENCY CAKESTAND 3 TIER,uci-15061-C546905,2011-03-17T18:42:00+00:00,0,21.60,21.60,refunded,GBP
15061,UCI Customer 15061,2010-12-02T15:19:00+00:00,REGENCY CAKESTAND 3 TIER,uci-15061-547419,2011-03-23T10:27:00+00:00,1649.58,1649.58,0,completed,GBP
15061,UCI Customer 15061,2010-12-02T15:19:00+00:00,REGENCY CAKESTAND 3 TIER,uci-15061-548406,2011-03-31T09:57:00+00:00,872.56,872.56,0,completed,GBP
15061,UCI Customer 15061,2010-12-02T15:19:00+00:00,REGENCY CAKESTAND 3 TIER,uci-15061-548940,2011-04-05T10:31:00+00:00,81.60,81.60,0,completed,GBP
15061,UCI Customer 15061,2010-12-02T15:19:00+00:00,REGENCY CAKESTAND 3 TIER,uci-15061-C548941,2011-04-05T10:32:00+00:00,0,60.00,60.00,refunded,GBP
15061,UCI Customer 15061,2010-12-02T15:19:00+00:00,REGENCY CAKESTAND 3 TIER,uci-15061-551976,2011-05-05T13:29:00+00:00,809.40,809.40,0,completed,GBP
15061,UCI Customer 15061,2010-12-02T15:19:00+00:00,REGENCY CAKESTAND 3 TIER,uci-15061-551977,2011-05-05T13:34:00+00:00,225.60,225.60,0,completed,GBP
15061,UCI Customer 15061,2010-12-02T15:19:00+00:00,REGENCY CAKESTAND 3 TIER,uci-15061-552888,2011-05-12T10:23:00+00:00,2613.36,2613.36,0,completed,GBP
15061,UCI Customer 15061,2010-12-02T15:19:00+00:00,REGENCY CAKESTAND 3 TIER,uci-15061-555934,2011-06-08T08:51:00+00:00,557.70,557.70,0,completed,GBP
15061,UCI Customer 15061,2010-12-02T15:19:00+00:00,REGENCY CAKESTAND 3 TIER,uci-15061-557572,2011-06-21T10:55:00+00:00,870.30,870.30,0,completed,GBP
15061,UCI Customer 15061,2010-12-02T15:19:00+00:00,REGENCY CAKESTAND 3 TIER,uci-15061-557573,2011-06-21T10:56:00+00:00,69.12,69.12,0,completed,GBP
15061,UCI Customer 15061,2010-12-02T15:19:00+00:00,REGENCY CAKESTAND 3 TIER,uci-15061-C557882,2011-06-23T13:23:00+00:00,0,61.20,61.20,refunded,GBP
15061,UCI Customer 15061,2010-12-02T15:19:00+00:00,REGENCY CAKESTAND 3 TIER,uci-15061-559139,2011-07-06T13:41:00+00:00,477.90,477.90,0,completed,GBP
15061,UCI Customer 15061,2010-12-02T15:19:00+00:00,REGENCY CAKESTAND 3 TIER,uci-15061-560924,2011-07-22T09:01:00+00:00,647.92,647.92,0,completed,GBP
15061,UCI Customer 15061,2010-12-02T15:19:00+00:00,REGENCY CAKESTAND 3 TIER,uci-15061-560925,2011-07-22T09:02:00+00:00,1665.20,1665.20,0,completed,GBP
15061,UCI Customer 15061,2010-12-02T15:19:00+00:00,REGENCY CAKESTAND 3 TIER,uci-15061-561532,2011-07-28T09:30:00+00:00,650.64,650.64,0,completed,GBP
15061,UCI Customer 15061,2010-12-02T15:19:00+00:00,REGENCY CAKESTAND 3 TIER,uci-15061-562286,2011-08-04T10:45:00+00:00,913.30,913.30,0,completed,GBP
15061,UCI Customer 15061,2010-12-02T15:19:00+00:00,REGENCY CAKESTAND 3 TIER,uci-15061-568533,2011-09-27T13:56:00+00:00,1031.28,1031.28,0,completed,GBP
15061,UCI Customer 15061,2010-12-02T15:19:00+00:00,REGENCY CAKESTAND 3 TIER,uci-15061-568536,2011-09-27T14:01:00+00:00,291.24,291.24,0,completed,GBP
15061,UCI Customer 15061,2010-12-02T15:19:00+00:00,REGENCY CAKESTAND 3 TIER,uci-15061-568537,2011-09-27T14:04:00+00:00,1001.40,1001.40,0,completed,GBP
15061,UCI Customer 15061,2010-12-02T15:19:00+00:00,REGENCY CAKESTAND 3 TIER,uci-15061-568538,2011-09-27T14:07:00+00:00,1668.84,1668.84,0,completed,GBP
15061,UCI Customer 15061,2010-12-02T15:19:00+00:00,REGENCY CAKESTAND 3 TIER,uci-15061-C569032,2011-09-30T10:40:00+00:00,0,59.40,59.40,refunded,GBP
15061,UCI Customer 15061,2010-12-02T15:19:00+00:00,REGENCY CAKESTAND 3 TIER,uci-15061-569724,2011-10-06T09:35:00+00:00,491.40,491.40,0,completed,GBP
15061,UCI Customer 15061,2010-12-02T15:19:00+00:00,REGENCY CAKESTAND 3 TIER,uci-15061-569725,2011-10-06T09:35:00+00:00,141.60,141.60,0,completed,GBP
15061,UCI Customer 15061,2010-12-02T15:19:00+00:00,REGENCY CAKESTAND 3 TIER,uci-15061-572193,2011-10-21T11:33:00+00:00,3648.60,3648.60,0,completed,GBP
15061,UCI Customer 15061,2010-12-02T15:19:00+00:00,REGENCY CAKESTAND 3 TIER,uci-15061-574534,2011-11-04T14:26:00+00:00,2118.12,2118.12,0,completed,GBP
15061,UCI Customer 15061,2010-12-02T15:19:00+00:00,REGENCY CAKESTAND 3 TIER,uci-15061-577487,2011-11-20T12:00:00+00:00,333.36,333.36,0,completed,GBP
15061,UCI Customer 15061,2010-12-02T15:19:00+00:00,REGENCY CAKESTAND 3 TIER,uci-15061-579284,2011-11-29T10:52:00+00:00,3337.44,3337.44,0,completed,GBP
15061,UCI Customer 15061,2010-12-02T15:19:00+00:00,REGENCY CAKESTAND 3 TIER,uci-15061-580873,2011-12-06T12:06:00+00:00,3895.86,3895.86,0,completed,GBP
15039,UCI Customer 15039,2010-12-06T11:26:00+00:00,PARTY BUNTING,uci-15039-546486,2011-03-14T11:41:00+00:00,377.88,377.88,0,completed,GBP
15039,UCI Customer 15039,2010-12-06T11:26:00+00:00,PARTY BUNTING,uci-15039-547106,2011-03-21T11:24:00+00:00,614.85,614.85,0,completed,GBP
15039,UCI Customer 15039,2010-12-06T11:26:00+00:00,PARTY BUNTING,uci-15039-547903,2011-03-28T11:59:00+00:00,407.09,407.09,0,completed,GBP
15039,UCI Customer 15039,2010-12-06T11:26:00+00:00,PARTY BUNTING,uci-15039-548735,2011-04-04T10:52:00+00:00,435.56,435.56,0,completed,GBP
15039,UCI Customer 15039,2010-12-06T11:26:00+00:00,PARTY BUNTING,uci-15039-550035,2011-04-14T11:48:00+00:00,787.84,787.84,0,completed,GBP
15039,UCI Customer 15039,2010-12-06T11:26:00+00:00,PARTY BUNTING,uci-15039-550768,2011-04-20T12:44:00+00:00,712.64,712.64,0,completed,GBP
15039,UCI Customer 15039,2010-12-06T11:26:00+00:00,PARTY BUNTING,uci-15039-551033,2011-04-26T11:32:00+00:00,354.26,354.26,0,completed,GBP
15039,UCI Customer 15039,2010-12-06T11:26:00+00:00,PARTY BUNTING,uci-15039-551811,2011-05-04T11:37:00+00:00,756.73,756.73,0,completed,GBP
15039,UCI Customer 15039,2010-12-06T11:26:00+00:00,PARTY BUNTING,uci-15039-552333,2011-05-09T10:38:00+00:00,553.35,553.35,0,completed,GBP
15039,UCI Customer 15039,2010-12-06T11:26:00+00:00,PARTY BUNTING,uci-15039-553229,2011-05-16T10:50:00+00:00,496.49,496.49,0,completed,GBP
15039,UCI Customer 15039,2010-12-06T11:26:00+00:00,PARTY BUNTING,uci-15039-554628,2011-05-25T11:26:00+00:00,659.35,659.35,0,completed,GBP
15039,UCI Customer 15039,2010-12-06T11:26:00+00:00,PARTY BUNTING,uci-15039-C555239,2011-06-01T13:00:00+00:00,0,3.95,3.95,refunded,GBP
15039,UCI Customer 15039,2010-12-06T11:26:00+00:00,PARTY BUNTING,uci-15039-555240,2011-06-01T13:07:00+00:00,213.86,213.86,0,completed,GBP
15039,UCI Customer 15039,2010-12-06T11:26:00+00:00,PARTY BUNTING,uci-15039-555979,2011-06-08T11:18:00+00:00,891.42,891.42,0,completed,GBP
15039,UCI Customer 15039,2010-12-06T11:26:00+00:00,PARTY BUNTING,uci-15039-556732,2011-06-14T11:47:00+00:00,474.87,474.87,0,completed,GBP
15039,UCI Customer 15039,2010-12-06T11:26:00+00:00,PARTY BUNTING,uci-15039-557604,2011-06-21T12:03:00+00:00,653.30,653.30,0,completed,GBP
15039,UCI Customer 15039,2010-12-06T11:26:00+00:00,PARTY BUNTING,uci-15039-C558530,2011-06-30T11:26:00+00:00,0,17.0,17.0,refunded,GBP
15039,UCI Customer 15039,2010-12-06T11:26:00+00:00,PARTY BUNTING,uci-15039-C558531,2011-06-30T11:31:00+00:00,0,12.75,12.75,refunded,GBP
15039,UCI Customer 15039,2010-12-06T11:26:00+00:00,PARTY BUNTING,uci-15039-558532,2011-06-30T11:32:00+00:00,328.41,328.41,0,completed,GBP
15039,UCI Customer 15039,2010-12-06T11:26:00+00:00,PARTY BUNTING,uci-15039-559401,2011-07-08T10:49:00+00:00,185.81,185.81,0,completed,GBP
15039,UCI Customer 15039,2010-12-06T11:26:00+00:00,PARTY BUNTING,uci-15039-559863,2011-07-13T10:33:00+00:00,352.94,352.94,0,completed,GBP
15039,UCI Customer 15039,2010-12-06T11:26:00+00:00,PARTY BUNTING,uci-15039-560689,2011-07-20T11:55:00+00:00,312.90,312.90,0,completed,GBP
15039,UCI Customer 15039,2010-12-06T11:26:00+00:00,PARTY BUNTING,uci-15039-562158,2011-08-03T11:45:00+00:00,536.58,536.58,0,completed,GBP
15039,UCI Customer 15039,2010-12-06T11:26:00+00:00,PARTY BUNTING,uci-15039-563543,2011-08-17T12:06:00+00:00,685.61,685.61,0,completed,GBP
15039,UCI Customer 15039,2010-12-06T11:26:00+00:00,PARTY BUNTING,uci-15039-563545,2011-08-17T12:20:00+00:00,8.5,8.5,0,completed,GBP
15039,UCI Customer 15039,2010-12-06T11:26:00+00:00,PARTY BUNTING,uci-15039-565118,2011-09-01T11:33:00+00:00,559.72,559.72,0,completed,GBP
15039,UCI Customer 15039,2010-12-06T11:26:00+00:00,PARTY BUNTING,uci-15039-566123,2011-09-09T11:15:00+00:00,322.37,322.37,0,completed,GBP
15039,UCI Customer 15039,2010-12-06T11:26:00+00:00,PARTY BUNTING,uci-15039-567472,2011-09-20T12:47:00+00:00,272.24,272.24,0,completed,GBP
15039,UCI Customer 15039,2010-12-06T11:26:00+00:00,PARTY BUNTING,uci-15039-569580,2011-10-05T11:16:00+00:00,185.87,185.87,0,completed,GBP
15039,UCI Customer 15039,2010-12-06T11:26:00+00:00,PARTY BUNTING,uci-15039-569583,2011-10-05T11:17:00+00:00,2.95,2.95,0,completed,GBP
15039,UCI Customer 15039,2010-12-06T11:26:00+00:00,PARTY BUNTING,uci-15039-571809,2011-10-19T11:44:00+00:00,127.40,127.40,0,completed,GBP
15039,UCI Customer 15039,2010-12-06T11:26:00+00:00,PARTY BUNTING,uci-15039-573879,2011-11-01T13:21:00+00:00,137.97,137.97,0,completed,GBP
15039,UCI Customer 15039,2010-12-06T11:26:00+00:00,PARTY BUNTING,uci-15039-575046,2011-11-08T12:09:00+00:00,246.21,246.21,0,completed,GBP
15039,UCI Customer 15039,2010-12-06T11:26:00+00:00,PARTY BUNTING,uci-15039-576190,2011-11-14T11:46:00+00:00,137.58,137.58,0,completed,GBP
15039,UCI Customer 15039,2010-12-06T11:26:00+00:00,PARTY BUNTING,uci-15039-578075,2011-11-22T16:11:00+00:00,118.79,118.79,0,completed,GBP
15039,UCI Customer 15039,2010-12-06T11:26:00+00:00,PARTY BUNTING,uci-15039-579560,2011-11-30T11:31:00+00:00,171.63,171.63,0,completed,GBP
16013,UCI Customer 16013,2010-12-03T13:09:00+00:00,COLOUR GLASS. STAR T-LIGHT HOLDER,uci-16013-549444,2011-04-08T13:00:00+00:00,375.00,375.00,0,completed,GBP
16013,UCI Customer 16013,2010-12-03T13:09:00+00:00,COLOUR GLASS. STAR T-LIGHT HOLDER,uci-16013-551279,2011-04-27T13:19:00+00:00,172.80,172.80,0,completed,GBP
16013,UCI Customer 16013,2010-12-03T13:09:00+00:00,COLOUR GLASS. STAR T-LIGHT HOLDER,uci-16013-551617,2011-05-03T11:41:00+00:00,489.60,489.60,0,completed,GBP
16013,UCI Customer 16013,2010-12-03T13:09:00+00:00,COLOUR GLASS. STAR T-LIGHT HOLDER,uci-16013-551618,2011-05-03T11:42:00+00:00,626.10,626.10,0,completed,GBP
16013,UCI Customer 16013,2010-12-03T13:09:00+00:00,COLOUR GLASS. STAR T-LIGHT HOLDER,uci-16013-552904,2011-05-12T11:07:00+00:00,1177.00,1177.00,0,completed,GBP
16013,UCI Customer 16013,2010-12-03T13:09:00+00:00,COLOUR GLASS. STAR T-LIGHT HOLDER,uci-16013-555075,2011-05-31T12:05:00+00:00,382.50,382.50,0,completed,GBP
16013,UCI Customer 16013,2010-12-03T13:09:00+00:00,COLOUR GLASS. STAR T-LIGHT HOLDER,uci-16013-556049,2011-06-08T13:00:00+00:00,382.70,382.70,0,completed,GBP
16013,UCI Customer 16013,2010-12-03T13:09:00+00:00,COLOUR GLASS. STAR T-LIGHT HOLDER,uci-16013-C556675,2011-06-13T17:13:00+00:00,0,20,20,refunded,GBP
16013,UCI Customer 16013,2010-12-03T13:09:00+00:00,COLOUR GLASS. STAR T-LIGHT HOLDER,uci-16013-556718,2011-06-14T11:02:00+00:00,2145.00,2145.00,0,completed,GBP
16013,UCI Customer 16013,2010-12-03T13:09:00+00:00,COLOUR GLASS. STAR T-LIGHT HOLDER,uci-16013-C556796,2011-06-14T14:40:00+00:00,0,67.2,67.2,refunded,GBP
16013,UCI Customer 16013,2010-12-03T13:09:00+00:00,COLOUR GLASS. STAR T-LIGHT HOLDER,uci-16013-C556925,2011-06-15T14:23:00+00:00,0,1155.00,1155.00,refunded,GBP
16013,UCI Customer 16013,2010-12-03T13:09:00+00:00,COLOUR GLASS. STAR T-LIGHT HOLDER,uci-16013-557430,2011-06-20T12:27:00+00:00,375.00,375.00,0,completed,GBP
16013,UCI Customer 16013,2010-12-03T13:09:00+00:00,COLOUR GLASS. STAR T-LIGHT HOLDER,uci-16013-559701,2011-07-12T09:10:00+00:00,1305.60,1305.60,0,completed,GBP
16013,UCI Customer 16013,2010-12-03T13:09:00+00:00,COLOUR GLASS. STAR T-LIGHT HOLDER,uci-16013-559702,2011-07-12T09:10:00+00:00,696.72,696.72,0,completed,GBP
16013,UCI Customer 16013,2010-12-03T13:09:00+00:00,COLOUR GLASS. STAR T-LIGHT HOLDER,uci-16013-C560735,2011-07-20T14:59:00+00:00,0,990.00,990.00,refunded,GBP
16013,UCI Customer 16013,2010-12-03T13:09:00+00:00,COLOUR GLASS. STAR T-LIGHT HOLDER,uci-16013-561101,2011-07-25T11:05:00+00:00,241.92,241.92,0,completed,GBP
16013,UCI Customer 16013,2010-12-03T13:09:00+00:00,COLOUR GLASS. STAR T-LIGHT HOLDER,uci-16013-563162,2011-08-12T12:15:00+00:00,339.26,339.26,0,completed,GBP
16013,UCI Customer 16013,2010-12-03T13:09:00+00:00,COLOUR GLASS. STAR T-LIGHT HOLDER,uci-16013-563163,2011-08-12T12:16:00+00:00,1069.20,1069.20,0,completed,GBP
16013,UCI Customer 16013,2010-12-03T13:09:00+00:00,COLOUR GLASS. STAR T-LIGHT HOLDER,uci-16013-563164,2011-08-12T12:18:00+00:00,505.80,505.80,0,completed,GBP
16013,UCI Customer 16013,2010-12-03T13:09:00+00:00,COLOUR GLASS. STAR T-LIGHT HOLDER,uci-16013-564045,2011-08-22T12:59:00+00:00,1047.12,1047.12,0,completed,GBP
16013,UCI Customer 16013,2010-12-03T13:09:00+00:00,COLOUR GLASS. STAR T-LIGHT HOLDER,uci-16013-564046,2011-08-22T12:59:00+00:00,1020.00,1020.00,0,completed,GBP
16013,UCI Customer 16013,2010-12-03T13:09:00+00:00,COLOUR GLASS. STAR T-LIGHT HOLDER,uci-16013-564048,2011-08-22T13:20:00+00:00,40.80,40.80,0,completed,GBP
16013,UCI Customer 16013,2010-12-03T13:09:00+00:00,COLOUR GLASS. STAR T-LIGHT HOLDER,uci-16013-565285,2011-09-02T11:34:00+00:00,1821.60,1821.60,0,completed,GBP
16013,UCI Customer 16013,2010-12-03T13:09:00+00:00,COLOUR GLASS. STAR T-LIGHT HOLDER,uci-16013-569108,2011-09-30T12:40:00+00:00,669.60,669.60,0,completed,GBP
16013,UCI Customer 16013,2010-12-03T13:09:00+00:00,COLOUR GLASS. STAR T-LIGHT HOLDER,uci-16013-569338,2011-10-03T14:18:00+00:00,339.26,339.26,0,completed,GBP
16013,UCI Customer 16013,2010-12-03T13:09:00+00:00,COLOUR GLASS. STAR T-LIGHT HOLDER,uci-16013-569342,2011-10-03T14:20:00+00:00,1441.20,1441.20,0,completed,GBP
16013,UCI Customer 16013,2010-12-03T13:09:00+00:00,COLOUR GLASS. STAR T-LIGHT HOLDER,uci-16013-572765,2011-10-26T10:02:00+00:00,2251.20,2251.20,0,completed,GBP
16013,UCI Customer 16013,2010-12-03T13:09:00+00:00,COLOUR GLASS. STAR T-LIGHT HOLDER,uci-16013-572766,2011-10-26T10:03:00+00:00,1603.06,1603.06,0,completed,GBP
16013,UCI Customer 16013,2010-12-03T13:09:00+00:00,COLOUR GLASS. STAR T-LIGHT HOLDER,uci-16013-572845,2011-10-26T12:11:00+00:00,864.0,864.0,0,completed,GBP
16013,UCI Customer 16013,2010-12-03T13:09:00+00:00,COLOUR GLASS. STAR T-LIGHT HOLDER,uci-16013-572851,2011-10-26T12:22:00+00:00,476.10,476.10,0,completed,GBP
16013,UCI Customer 16013,2010-12-03T13:09:00+00:00,COLOUR GLASS. STAR T-LIGHT HOLDER,uci-16013-C575058,2011-11-08T12:25:00+00:00,0,15.90,15.90,refunded,GBP
16013,UCI Customer 16013,2010-12-03T13:09:00+00:00,COLOUR GLASS. STAR T-LIGHT HOLDER,uci-16013-577718,2011-11-21T12:19:00+00:00,523.20,523.20,0,completed,GBP
16013,UCI Customer 16013,2010-12-03T13:09:00+00:00,COLOUR GLASS. STAR T-LIGHT HOLDER,uci-16013-577719,2011-11-21T12:20:00+00:00,1100.22,1100.22,0,completed,GBP
16013,UCI Customer 16013,2010-12-03T13:09:00+00:00,COLOUR GLASS. STAR T-LIGHT HOLDER,uci-16013-577720,2011-11-21T12:21:00+00:00,1809.70,1809.70,0,completed,GBP
16013,UCI Customer 16013,2010-12-03T13:09:00+00:00,COLOUR GLASS. STAR T-LIGHT HOLDER,uci-16013-580178,2011-12-02T11:53:00+00:00,1852.68,1852.68,0,completed,GBP
16013,UCI Customer 16013,2010-12-03T13:09:00+00:00,COLOUR GLASS. STAR T-LIGHT HOLDER,uci-16013-580763,2011-12-06T10:36:00+00:00,791.04,791.04,0,completed,GBP
17450,UCI Customer 17450,2010-12-07T09:23:00+00:00,HEART OF WICKER LARGE,uci-17450-560080,2011-07-14T16:23:00+00:00,3279.36,3279.36,0,completed,GBP
17450,UCI Customer 17450,2010-12-07T09:23:00+00:00,HEART OF WICKER LARGE,uci-17450-561659,2011-07-28T16:11:00+00:00,3453.72,3453.72,0,completed,GBP
17450,UCI Customer 17450,2010-12-07T09:23:00+00:00,HEART OF WICKER LARGE,uci-17450-563588,2011-08-17T19:15:00+00:00,813.40,813.40,0,completed,GBP
17450,UCI Customer 17450,2010-12-07T09:23:00+00:00,HEART OF WICKER LARGE,uci-17450-563589,2011-08-17T19:40:00+00:00,2240,2240,0,completed,GBP
17450,UCI Customer 17450,2010-12-07T09:23:00+00:00,HEART OF WICKER LARGE,uci-17450-563590,2011-08-17T20:02:00+00:00,13031.50,13031.50,0,completed,GBP
17450,UCI Customer 17450,2010-12-07T09:23:00+00:00,HEART OF WICKER LARGE,uci-17450-564109,2011-08-23T10:48:00+00:00,34.56,34.56,0,completed,GBP
17450,UCI Customer 17450,2010-12-07T09:23:00+00:00,HEART OF WICKER LARGE,uci-17450-C564905,2011-08-31T12:16:00+00:00,0,167.08,167.08,refunded,GBP
17450,UCI Customer 17450,2010-12-07T09:23:00+00:00,HEART OF WICKER LARGE,uci-17450-C565229,2011-09-02T09:12:00+00:00,0,200,200,refunded,GBP
17450,UCI Customer 17450,2010-12-07T09:23:00+00:00,HEART OF WICKER LARGE,uci-17450-565589,2011-09-05T13:52:00+00:00,691.2,691.2,0,completed,GBP
17450,UCI Customer 17450,2010-12-07T09:23:00+00:00,HEART OF WICKER LARGE,uci-17450-567377,2011-09-20T09:55:00+00:00,957.90,957.90,0,completed,GBP
17450,UCI Customer 17450,2010-12-07T09:23:00+00:00,HEART OF WICKER LARGE,uci-17450-567381,2011-09-20T10:12:00+00:00,22104.80,22104.80,0,completed,GBP
17450,UCI Customer 17450,2010-12-07T09:23:00+00:00,HEART OF WICKER LARGE,uci-17450-567384,2011-09-20T10:23:00+00:00,4418.00,4418.00,0,completed,GBP
17450,UCI Customer 17450,2010-12-07T09:23:00+00:00,HEART OF WICKER LARGE,uci-17450-567387,2011-09-20T10:38:00+00:00,3189.94,3189.94,0,completed,GBP
17450,UCI Customer 17450,2010-12-07T09:23:00+00:00,HEART OF WICKER LARGE,uci-17450-567423,2011-09-20T11:05:00+00:00,31698.16,31698.16,0,completed,GBP
17450,UCI Customer 17450,2010-12-07T09:23:00+00:00,HEART OF WICKER LARGE,uci-17450-567453,2011-09-20T12:05:00+00:00,1468.8,1468.8,0,completed,GBP
17450,UCI Customer 17450,2010-12-07T09:23:00+00:00,HEART OF WICKER LARGE,uci-17450-567458,2011-09-20T12:21:00+00:00,4563.84,4563.84,0,completed,GBP
17450,UCI Customer 17450,2010-12-07T09:23:00+00:00,HEART OF WICKER LARGE,uci-17450-567480,2011-09-20T13:38:00+00:00,3200.0,3200.0,0,completed,GBP
17450,UCI Customer 17450,2010-12-07T09:23:00+00:00,HEART OF WICKER LARGE,uci-17450-C567527,2011-09-21T09:16:00+00:00,0,3825.36,3825.36,refunded,GBP
17450,UCI Customer 17450,2010-12-07T09:23:00+00:00,HEART OF WICKER LARGE,uci-17450-C568799,2011-09-29T10:34:00+00:00,0,182.88,182.88,refunded,GBP
17450,UCI Customer 17450,2010-12-07T09:23:00+00:00,HEART OF WICKER LARGE,uci-17450-C568832,2011-09-29T11:35:00+00:00,0,957.90,957.90,refunded,GBP
17450,UCI Customer 17450,2010-12-07T09:23:00+00:00,HEART OF WICKER LARGE,uci-17450-569029,2011-09-30T10:25:00+00:00,320,320,0,completed,GBP
17450,UCI Customer 17450,2010-12-07T09:23:00+00:00,HEART OF WICKER LARGE,uci-17450-569030,2011-09-30T10:27:00+00:00,2800,2800,0,completed,GBP
17450,UCI Customer 17450,2010-12-07T09:23:00+00:00,HEART OF WICKER LARGE,uci-17450-572545,2011-10-24T16:48:00+00:00,1896.72,1896.72,0,completed,GBP
17450,UCI Customer 17450,2010-12-07T09:23:00+00:00,HEART OF WICKER LARGE,uci-17450-573452,2011-10-31T10:45:00+00:00,2039.24,2039.24,0,completed,GBP
17450,UCI Customer 17450,2010-12-07T09:23:00+00:00,HEART OF WICKER LARGE,uci-17450-574285,2011-11-03T15:01:00+00:00,2907.20,2907.20,0,completed,GBP
17450,UCI Customer 17450,2010-12-07T09:23:00+00:00,HEART OF WICKER LARGE,uci-17450-574293,2011-11-03T15:32:00+00:00,6162.62,6162.62,0,completed,GBP
17450,UCI Customer 17450,2010-12-07T09:23:00+00:00,HEART OF WICKER LARGE,uci-17450-576088,2011-11-14T08:41:00+00:00,1314.94,1314.94,0,completed,GBP
17450,UCI Customer 17450,2010-12-07T09:23:00+00:00,HEART OF WICKER LARGE,uci-17450-576090,2011-11-14T08:56:00+00:00,3174.40,3174.40,0,completed,GBP
17450,UCI Customer 17450,2010-12-07T09:23:00+00:00,HEART OF WICKER LARGE,uci-17450-577747,2011-11-21T14:21:00+00:00,5490.24,5490.24,0,completed,GBP
17450,UCI Customer 17450,2010-12-07T09:23:00+00:00,HEART OF WICKER LARGE,uci-17450-579249,2011-11-28T16:32:00+00:00,1147.20,1147.20,0,completed,GBP
17450,UCI Customer 17450,2010-12-07T09:23:00+00:00,HEART OF WICKER LARGE,uci-17450-579251,2011-11-28T16:39:00+00:00,3821.36,3821.36,0,completed,GBP
17450,UCI Customer 17450,2010-12-07T09:23:00+00:00,HEART OF WICKER LARGE,uci-17450-579252,2011-11-28T16:47:00+00:00,1034.40,1034.40,0,completed,GBP
17450,UCI Customer 17450,2010-12-07T09:23:00+00:00,HEART OF WICKER LARGE,uci-17450-579253,2011-11-28T16:54:00+00:00,230.4,230.4,0,completed,GBP
17450,UCI Customer 17450,2010-12-07T09:23:00+00:00,HEART OF WICKER LARGE,uci-17450-579271,2011-11-29T09:56:00+00:00,2586.69,2586.69,0,completed,GBP
17450,UCI Customer 17450,2010-12-07T09:23:00+00:00,HEART OF WICKER LARGE,uci-17450-C579277,2011-11-29T10:16:00+00:00,0,32.0,32.0,refunded,GBP
17450,UCI Customer 17450,2010-12-07T09:23:00+00:00,HEART OF WICKER LARGE,uci-17450-580063,2011-12-01T13:29:00+00:00,1562.40,1562.40,0,completed,GBP
17949,UCI Customer 17949,2010-12-03T13:12:00+00:00,REGENCY CAKESTAND 3 TIER,uci-17949-558523,2011-06-30T10:44:00+00:00,2231.30,2231.30,0,completed,GBP
17949,UCI Customer 17949,2010-12-03T13:12:00+00:00,REGENCY CAKESTAND 3 TIER,uci-17949-558526,2011-06-30T11:01:00+00:00,13355.40,13355.40,0,completed,GBP
17949,UCI Customer 17949,2010-12-03T13:12:00+00:00,REGENCY CAKESTAND 3 TIER,uci-17949-558528,2011-06-30T11:02:00+00:00,812.00,812.00,0,completed,GBP
17949,UCI Customer 17949,2010-12-03T13:12:00+00:00,REGENCY CAKESTAND 3 TIER,uci-17949-558529,2011-06-30T11:22:00+00:00,23.20,23.20,0,completed,GBP
17949,UCI Customer 17949,2010-12-03T13:12:00+00:00,REGENCY CAKESTAND 3 TIER,uci-17949-C558553,2011-06-30T12:44:00+00:00,0,835.20,835.20,refunded,GBP
17949,UCI Customer 17949,2010-12-03T13:12:00+00:00,REGENCY CAKESTAND 3 TIER,uci-17949-558554,2011-06-30T12:50:00+00:00,2390.40,2390.40,0,completed,GBP
17949,UCI Customer 17949,2010-12-03T13:12:00+00:00,REGENCY CAKESTAND 3 TIER,uci-17949-558612,2011-06-30T15:40:00+00:00,877.68,877.68,0,completed,GBP
17949,UCI Customer 17949,2010-12-03T13:12:00+00:00,REGENCY CAKESTAND 3 TIER,uci-17949-559793,2011-07-12T12:43:00+00:00,24.38,24.38,0,completed,GBP
17949,UCI Customer 17949,2010-12-03T13:12:00+00:00,REGENCY CAKESTAND 3 TIER,uci-17949-560917,2011-07-21T18:21:00+00:00,833.85,833.85,0,completed,GBP
17949,UCI Customer 17949,2010-12-03T13:12:00+00:00,REGENCY CAKESTAND 3 TIER,uci-17949-561633,2011-07-28T14:33:00+00:00,10303.95,10303.95,0,completed,GBP
17949,UCI Customer 17949,2010-12-03T13:12:00+00:00,REGENCY CAKESTAND 3 TIER,uci-17949-561637,2011-07-28T14:45:00+00:00,428.40,428.40,0,completed,GBP
17949,UCI Customer 17949,2010-12-03T13:12:00+00:00,REGENCY CAKESTAND 3 TIER,uci-17949-562917,2011-08-10T13:43:00+00:00,432.00,432.00,0,completed,GBP
17949,UCI Customer 17949,2010-12-03T13:12:00+00:00,REGENCY CAKESTAND 3 TIER,uci-17949-C563570,2011-08-17T14:51:00+00:00,0,24.38,24.38,refunded,GBP
17949,UCI Customer 17949,2010-12-03T13:12:00+00:00,REGENCY CAKESTAND 3 TIER,uci-17949-563575,2011-08-17T15:05:00+00:00,2209.04,2209.04,0,completed,GBP
17949,UCI Customer 17949,2010-12-03T13:12:00+00:00,REGENCY CAKESTAND 3 TIER,uci-17949-C563577,2011-08-17T15:06:00+00:00,0,2231.30,2231.30,refunded,GBP
17949,UCI Customer 17949,2010-12-03T13:12:00+00:00,REGENCY CAKESTAND 3 TIER,uci-17949-C564081,2011-08-22T17:10:00+00:00,0,1642.50,1642.50,refunded,GBP
17949,UCI Customer 17949,2010-12-03T13:12:00+00:00,REGENCY CAKESTAND 3 TIER,uci-17949-564583,2011-08-26T11:24:00+00:00,432.00,432.00,0,completed,GBP
17949,UCI Customer 17949,2010-12-03T13:12:00+00:00,REGENCY CAKESTAND 3 TIER,uci-17949-564871,2011-08-31T10:46:00+00:00,340.00,340.00,0,completed,GBP
17949,UCI Customer 17949,2010-12-03T13:12:00+00:00,REGENCY CAKESTAND 3 TIER,uci-17949-565123,2011-09-01T11:56:00+00:00,480,480,0,completed,GBP
17949,UCI Customer 17949,2010-12-03T13:12:00+00:00,REGENCY CAKESTAND 3 TIER,uci-17949-565240,2011-09-02T10:05:00+00:00,1047.12,1047.12,0,completed,GBP
17949,UCI Customer 17949,2010-12-03T13:12:00+00:00,REGENCY CAKESTAND 3 TIER,uci-17949-565241,2011-09-02T10:06:00+00:00,822.24,822.24,0,completed,GBP
17949,UCI Customer 17949,2010-12-03T13:12:00+00:00,REGENCY CAKESTAND 3 TIER,uci-17949-565858,2011-09-07T14:30:00+00:00,534.24,534.24,0,completed,GBP
17949,UCI Customer 17949,2010-12-03T13:12:00+00:00,REGENCY CAKESTAND 3 TIER,uci-17949-569084,2011-09-30T11:56:00+00:00,2496.0,2496.0,0,completed,GBP
17949,UCI Customer 17949,2010-12-03T13:12:00+00:00,REGENCY CAKESTAND 3 TIER,uci-17949-569085,2011-09-30T11:57:00+00:00,1272.00,1272.00,0,completed,GBP
17949,UCI Customer 17949,2010-12-03T13:12:00+00:00,REGENCY CAKESTAND 3 TIER,uci-17949-569086,2011-09-30T11:58:00+00:00,720.00,720.00,0,completed,GBP
17949,UCI Customer 17949,2010-12-03T13:12:00+00:00,REGENCY CAKESTAND 3 TIER,uci-17949-570281,2011-10-10T11:14:00+00:00,676.32,676.32,0,completed,GBP
17949,UCI Customer 17949,2010-12-03T13:12:00+00:00,REGENCY CAKESTAND 3 TIER,uci-17949-571199,2011-10-14T12:19:00+00:00,108.00,108.00,0,completed,GBP
17949,UCI Customer 17949,2010-12-03T13:12:00+00:00,REGENCY CAKESTAND 3 TIER,uci-17949-C572428,2011-10-24T12:03:00+00:00,0,464.9,464.9,refunded,GBP
17949,UCI Customer 17949,2010-12-03T13:12:00+00:00,REGENCY CAKESTAND 3 TIER,uci-17949-573261,2011-10-28T12:32:00+00:00,1434.24,1434.24,0,completed,GBP
17949,UCI Customer 17949,2010-12-03T13:12:00+00:00,REGENCY CAKESTAND 3 TIER,uci-17949-577810,2011-11-22T08:44:00+00:00,720.00,720.00,0,completed,GBP
17949,UCI Customer 17949,2010-12-03T13:12:00+00:00,REGENCY CAKESTAND 3 TIER,uci-17949-580169,2011-12-02T11:38:00+00:00,81.36,81.36,0,completed,GBP
17949,UCI Customer 17949,2010-12-03T13:12:00+00:00,REGENCY CAKESTAND 3 TIER,uci-17949-580170,2011-12-02T11:39:00+00:00,720.00,720.00,0,completed,GBP
17949,UCI Customer 17949,2010-12-03T13:12:00+00:00,REGENCY CAKESTAND 3 TIER,uci-17949-C580171,2011-12-02T11:42:00+00:00,0,81.36,81.36,refunded,GBP
17949,UCI Customer 17949,2010-12-03T13:12:00+00:00,REGENCY CAKESTAND 3 TIER,uci-17949-580172,2011-12-02T11:43:00+00:00,129.36,129.36,0,completed,GBP
17949,UCI Customer 17949,2010-12-03T13:12:00+00:00,REGENCY CAKESTAND 3 TIER,uci-17949-581458,2011-12-08T18:45:00+00:00,1080.00,1080.00,0,completed,GBP
17949,UCI Customer 17949,2010-12-03T13:12:00+00:00,REGENCY CAKESTAND 3 TIER,uci-17949-581459,2011-12-08T18:46:00+00:00,864.00,864.00,0,completed,GBP
14298,UCI Customer 14298,2010-12-14T12:59:00+00:00,REGENCY CAKESTAND 3 TIER,uci-14298-544295,2011-02-17T12:43:00+00:00,1097.58,1097.58,0,completed,GBP
14298,UCI Customer 14298,2010-12-14T12:59:00+00:00,REGENCY CAKESTAND 3 TIER,uci-14298-544296,2011-02-17T12:47:00+00:00,55.44,55.44,0,completed,GBP
14298,UCI Customer 14298,2010-12-14T12:59:00+00:00,REGENCY CAKESTAND 3 TIER,uci-14298-544297,2011-02-17T12:48:00+00:00,46.20,46.20,0,completed,GBP
14298,UCI Customer 14298,2010-12-14T12:59:00+00:00,REGENCY CAKESTAND 3 TIER,uci-14298-544298,2011-02-17T12:51:00+00:00,790.86,790.86,0,completed,GBP
14298,UCI Customer 14298,2010-12-14T12:59:00+00:00,REGENCY CAKESTAND 3 TIER,uci-14298-544909,2011-02-24T14:32:00+00:00,1991.26,1991.26,0,completed,GBP
14298,UCI Customer 14298,2010-12-14T12:59:00+00:00,REGENCY CAKESTAND 3 TIER,uci-14298-546899,2011-03-17T18:27:00+00:00,946.20,946.20,0,completed,GBP
14298,UCI Customer 14298,2010-12-14T12:59:00+00:00,REGENCY CAKESTAND 3 TIER,uci-14298-546900,2011-03-17T18:28:00+00:00,25.2,25.2,0,completed,GBP
14298,UCI Customer 14298,2010-12-14T12:59:00+00:00,REGENCY CAKESTAND 3 TIER,uci-14298-546902,2011-03-17T18:30:00+00:00,33.20,33.20,0,completed,GBP
14298,UCI Customer 14298,2010-12-14T12:59:00+00:00,REGENCY CAKESTAND 3 TIER,uci-14298-548157,2011-03-29T13:27:00+00:00,1518.00,1518.00,0,completed,GBP
14298,UCI Customer 14298,2010-12-14T12:59:00+00:00,REGENCY CAKESTAND 3 TIER,uci-14298-550630,2011-04-19T14:49:00+00:00,1507.67,1507.67,0,completed,GBP
14298,UCI Customer 14298,2010-12-14T12:59:00+00:00,REGENCY CAKESTAND 3 TIER,uci-14298-550634,2011-04-19T15:02:00+00:00,27.30,27.30,0,completed,GBP
14298,UCI Customer 14298,2010-12-14T12:59:00+00:00,REGENCY CAKESTAND 3 TIER,uci-14298-550906,2011-04-21T12:34:00+00:00,1368.16,1368.16,0,completed,GBP
14298,UCI Customer 14298,2010-12-14T12:59:00+00:00,REGENCY CAKESTAND 3 TIER,uci-14298-551291,2011-04-27T14:26:00+00:00,1502.78,1502.78,0,completed,GBP
14298,UCI Customer 14298,2010-12-14T12:59:00+00:00,REGENCY CAKESTAND 3 TIER,uci-14298-551292,2011-04-27T14:27:00+00:00,431.74,431.74,0,completed,GBP
14298,UCI Customer 14298,2010-12-14T12:59:00+00:00,REGENCY CAKESTAND 3 TIER,uci-14298-551293,2011-04-27T14:28:00+00:00,428.64,428.64,0,completed,GBP
14298,UCI Customer 14298,2010-12-14T12:59:00+00:00,REGENCY CAKESTAND 3 TIER,uci-14298-551351,2011-04-28T10:20:00+00:00,4390.56,4390.56,0,completed,GBP
14298,UCI Customer 14298,2010-12-14T12:59:00+00:00,REGENCY CAKESTAND 3 TIER,uci-14298-551747,2011-05-04T11:00:00+00:00,2805.28,2805.28,0,completed,GBP
14298,UCI Customer 14298,2010-12-14T12:59:00+00:00,REGENCY CAKESTAND 3 TIER,uci-14298-555284,2011-06-02T09:37:00+00:00,3056.72,3056.72,0,completed,GBP
14298,UCI Customer 14298,2010-12-14T12:59:00+00:00,REGENCY CAKESTAND 3 TIER,uci-14298-555285,2011-06-02T09:38:00+00:00,362.70,362.70,0,completed,GBP
14298,UCI Customer 14298,2010-12-14T12:59:00+00:00,REGENCY CAKESTAND 3 TIER,uci-14298-555286,2011-06-02T09:40:00+00:00,51.00,51.00,0,completed,GBP
14298,UCI Customer 14298,2010-12-14T12:59:00+00:00,REGENCY CAKESTAND 3 TIER,uci-14298-555287,2011-06-02T09:42:00+00:00,214.94,214.94,0,completed,GBP
14298,UCI Customer 14298,2010-12-14T12:59:00+00:00,REGENCY CAKESTAND 3 TIER,uci-14298-558197,2011-06-27T12:45:00+00:00,666.68,666.68,0,completed,GBP
14298,UCI Customer 14298,2010-12-14T12:59:00+00:00,REGENCY CAKESTAND 3 TIER,uci-14298-560828,2011-07-21T11:55:00+00:00,1088.86,1088.86,0,completed,GBP
14298,UCI Customer 14298,2010-12-14T12:59:00+00:00,REGENCY CAKESTAND 3 TIER,uci-14298-560841,2011-07-21T12:25:00+00:00,2569.55,2569.55,0,completed,GBP
14298,UCI Customer 14298,2010-12-14T12:59:00+00:00,REGENCY CAKESTAND 3 TIER,uci-14298-560843,2011-07-21T12:27:00+00:00,99.00,99.00,0,completed,GBP
14298,UCI Customer 14298,2010-12-14T12:59:00+00:00,REGENCY CAKESTAND 3 TIER,uci-14298-560844,2011-07-21T12:28:00+00:00,74.88,74.88,0,completed,GBP
14298,UCI Customer 14298,2010-12-14T12:59:00+00:00,REGENCY CAKESTAND 3 TIER,uci-14298-562710,2011-08-08T14:37:00+00:00,598.88,598.88,0,completed,GBP
14298,UCI Customer 14298,2010-12-14T12:59:00+00:00,REGENCY CAKESTAND 3 TIER,uci-14298-565150,2011-09-01T14:26:00+00:00,5590.67,5590.67,0,completed,GBP
14298,UCI Customer 14298,2010-12-14T12:59:00+00:00,REGENCY CAKESTAND 3 TIER,uci-14298-567509,2011-09-20T14:51:00+00:00,752.42,752.42,0,completed,GBP
14298,UCI Customer 14298,2010-12-14T12:59:00+00:00,REGENCY CAKESTAND 3 TIER,uci-14298-567510,2011-09-20T14:52:00+00:00,196.02,196.02,0,completed,GBP
14298,UCI Customer 14298,2010-12-14T12:59:00+00:00,REGENCY CAKESTAND 3 TIER,uci-14298-567917,2011-09-22T17:19:00+00:00,1364.61,1364.61,0,completed,GBP
14298,UCI Customer 14298,2010-12-14T12:59:00+00:00,REGENCY CAKESTAND 3 TIER,uci-14298-568675,2011-09-28T13:32:00+00:00,741.90,741.90,0,completed,GBP
14298,UCI Customer 14298,2010-12-14T12:59:00+00:00,REGENCY CAKESTAND 3 TIER,uci-14298-571653,2011-10-18T12:17:00+00:00,5355.68,5355.68,0,completed,GBP
14298,UCI Customer 14298,2010-12-14T12:59:00+00:00,REGENCY CAKESTAND 3 TIER,uci-14298-575206,2011-11-09T10:26:00+00:00,1296.56,1296.56,0,completed,GBP
14298,UCI Customer 14298,2010-12-14T12:59:00+00:00,REGENCY CAKESTAND 3 TIER,uci-14298-580055,2011-12-01T13:12:00+00:00,637.60,637.60,0,completed,GBP
14298,UCI Customer 14298,2010-12-14T12:59:00+00:00,REGENCY CAKESTAND 3 TIER,uci-14298-C580971,2011-12-06T15:04:00+00:00,0,664.86,664.86,refunded,GBP
